Date,text,compound,neg,neu,pos
2019-06-19 14:59:47,"ğŸ¤”ğŸ’­ ğŸ” 
#fitness #bloorstreetfitness #burgers #butfirstfitness #cardio #maximumeffort #maximumheartrate #fitfemale",0.0,0.0,1.0,0.0
2019-06-19 14:59:46,"âœ… Best Food
âœ… Best Price â˜ï¸ 1748 7878

#Bahrain #riffa #muharraq #east riffa #foodbh #burgers #pasta #wraps #yummy #foodies #tasty #food #bh  #kids #meltway.bh",0.8555,0.0,0.714,0.286
2019-06-19 14:58:31,"#Ø¹Ø±Ø¨Ø§Øª #Ø§Ù„Ø¨Ø­Ø±ÙŠÙ† #Ø§Ù„Ù…Ù†Ø§Ù…Ø© ##ÙÙˆØ¯_ØªØ±Ø§Ùƒ #Ø§Ù„Ø³Ø¹ÙˆØ¯ÙŠØ© #Ø§ÙƒÙ„ #Ù…Ø´Ø±ÙˆØ¨Ø§Øª ##Ø­Ù„ÙˆÙŠØ§Øª #Ø§Ù„ÙƒÙˆÙŠØª #Ù…Ø·Ø§Ø¹Ù… #Ø³ÙŠØ§Ø­Ø©_Ø§Ù„Ø¨Ø­Ø±ÙŠÙ† #Ù…Ø·Ø§Ø¹Ù…_Ø§Ù„Ø¨Ø­Ø±ÙŠÙ† #Ø³ÙŠØ§Ø­Ø© #Ù‚Ù‡ÙˆØ© #Ø¹ØµØ§ÙŠØ± 
#kuwait #bahrain #foodtrucks #food #cafe #restaurants #hungry #coffee #burgers #snacks #juice #travel #eat #event",0.0,0.0,1.0,0.0
2019-06-19 14:58:20,"Got plans this weekend?
Come try our Mexican street food menu! 50% off at selected timesğŸ˜‹
#deansgatelocks #deansgate #manchester #mexicanfood #streetfood #mcr #mcrfood #cocktails #burrito #tacos #tequila #burgers #deansgatemcr",0.0,0.0,1.0,0.0
2019-06-19 14:58:00,"Just for context, Iâ€™m a big fan of KFC chickens in whereby they change the spices involved in making the chicken. I liked the Sawadee Crunch promotion that they had previously, absolutely delicious. But Iâ€™m not really a fan of when they make it like the Spicy tbh it's the only place which comes in our mind when it comes to food if I'm not wrong you all foodies. â¤ï¸
.
.
.
#kfc #KFC #meals #foodie #foodlover #foodporn #chiken #fries #burgers #burger #fried #love #blogsby_fatima",0.9376,0.0,0.818,0.182
2019-06-19 14:57:53,What can I say? I love burgers... #uidesigner #uiinspiration #ui_ux #uitrends #webdesigners #uiux #animations #ui #webapp #landingpagedesign #appdesign #websitedesign #burgers #digitaldesign #interactiondesign #graphicdesign #webdesign #webdesigner #websiteanimation #uianimation #colorinspiration #uxdesign #uidesign #mobileapp #dribbble #dribbbleshots #behance #dailyui #appconcept #creativedesign,0.6369,0.0,0.89,0.11
2019-06-19 14:57:48,We love #burgers ğŸ”ğŸŸğŸŒ¯ğŸŒ®ğŸ¥«ğŸ•ğŸ§€ğŸ³ @hesburgerbg #kitten #kittensofinstagram #cat #instakitten #catsofplovdiv #catsofinstagram #catinbag #catsandburgers #catsandburgersareawesome,0.6369,0.0,0.756,0.244
2019-06-19 14:56:37,"#Ø¹Ø±Ø¨Ø§Øª #Ø§Ù„Ø¨Ø­Ø±ÙŠÙ† #Ø§Ù„Ù…Ù†Ø§Ù…Ø© ##ÙÙˆØ¯_ØªØ±Ø§Ùƒ #Ø§Ù„Ø³Ø¹ÙˆØ¯ÙŠØ© #Ø§ÙƒÙ„ #Ù…Ø´Ø±ÙˆØ¨Ø§Øª ##Ø­Ù„ÙˆÙŠØ§Øª #Ø§Ù„ÙƒÙˆÙŠØª #Ù…Ø·Ø§Ø¹Ù… #Ø³ÙŠØ§Ø­Ø©_Ø§Ù„Ø¨Ø­Ø±ÙŠÙ† #Ù…Ø·Ø§Ø¹Ù…_Ø§Ù„Ø¨Ø­Ø±ÙŠÙ† #Ø³ÙŠØ§Ø­Ø© #Ù‚Ù‡ÙˆØ© #Ø¹ØµØ§ÙŠØ± 
#kuwait #bahrain #foodtrucks #food #cafe #restaurants #hungry #coffee #burgers #snacks #juice #travel #eat #event",0.0,0.0,1.0,0.0
2019-06-19 14:56:09,"Did you know that we have a brutally brilliant restaurant at the Barbican Arts Centre? Bonfire are looking to recruiting a Sous Chef to join the team. We hire people not CV's so why not drop us an email with your favourite burger choice and tell us a bit about you.. Email: Ibelong@searcys.co.uk
Phone: 07741 320 424 (that's our Recruitment Manager Sarah's number) 
#Barbican #Searcys #Ibelong #Bonfire #Burgers #Casualdining #Souschef #Chef #London #Newjobs",0.4727,0.051,0.845,0.103
2019-06-19 14:55:05,"#Ø¹Ø±Ø¨Ø§Øª #Ø§Ù„Ø¨Ø­Ø±ÙŠÙ† #Ø§Ù„Ù…Ù†Ø§Ù…Ø© ##ÙÙˆØ¯_ØªØ±Ø§Ùƒ #Ø§Ù„Ø³Ø¹ÙˆØ¯ÙŠØ© #Ø§ÙƒÙ„ #Ù…Ø´Ø±ÙˆØ¨Ø§Øª ##Ø­Ù„ÙˆÙŠØ§Øª #Ø§Ù„ÙƒÙˆÙŠØª #Ù…Ø·Ø§Ø¹Ù… #Ø³ÙŠØ§Ø­Ø©_Ø§Ù„Ø¨Ø­Ø±ÙŠÙ† #Ù…Ø·Ø§Ø¹Ù…_Ø§Ù„Ø¨Ø­Ø±ÙŠÙ† #Ø³ÙŠØ§Ø­Ø© #Ù‚Ù‡ÙˆØ© #Ø¹ØµØ§ÙŠØ± 
#kuwait #bahrain #foodtrucks #food #cafe #restaurants #hungry #coffee #burgers #snacks #juice #travel #eat #event",0.0,0.0,1.0,0.0
2019-06-19 14:54:48,"Atomic
@grandtrailerpark 
Australian beef patty, American cheddar, caramelised onion, chilli cheese kransky, streaky bacon, BBQ sauce, truffle cayenne mayonnaise on a brioche bun. 
#Melbourne #burger #food #grandtrailerpark #brioche #foodie #burgers #melbournefood #foodstagram #devourpower #burgerlover",0.0,0.0,1.0,0.0
2019-06-19 14:54:24,"""The Greek from Annieâ€™s is the nicest burger i have EVER eaten ğŸ¤¤."" Ahhhh thanks @poynterlubz on Twitter! (Pic taken at @anniesburgershacknotts )ğŸ˜˜ğŸ”ğŸ‡¬ğŸ‡· Burger topped with our own Greek Tzatziki, delicious homemade crispy spinach mushroom & Greek Feta patty covered with big chunks of crumbled Real Greek Feta, black olives, drizzle of olive oil & a pinch of Greek salad.

Available as #Vegan #Veggie or #Meaty - Just like EVERY burger on Annie's menu!

We're open every day from midday! Find us at 11 St Nicholas Street, WR1 1UW
.
.
.
.
.
#Burger #Burgers #Worcester #AnniesBurgerShack #PlacesToEat #Lunch #Hungry #Food #Foodie #Instafood #EatingForTheInsta #OnMyTable #nomnomnom #hungry #foodporn #foodgasm #foodblog #foodblogger #tastyfood #tasty #nomnomnom #instafood #instafoodie",0.9213,0.0,0.887,0.113
2019-06-19 14:54:03,"Si et diem mini hamburguesa ibÃ¨rica, ou cruixent amb pernil de lâ€™Andreu i tÃ²fona o burger de truita de patates i pernil Andreu, i se't fa la boca aigua, Ã©s que has de venir als nostres establiments de Rambla Catalunya 125, @larocavillage i @EspaiGirones a provar les nostres noves propostes. Per quin comenÃ§arÃ s?â €
â €
***â €
â €
Si te decimos mini hamburguesa ibÃ©rica, huevo crujiente con jamÃ³n Andreu y trufa, o burger de tortilla de patatas con jamÃ³n Andreu, y se te hace la boca agua, es que tienes que venir a nuestros establecimientos de Rambla Catalunya 125, La Roca Village y Espai GironÃ©s a probar nuestras nuevas propuestas. Â¿Por cuÃ¡l empezarÃ¡s?â €
â €
#andreugastronomia #andreuxarcuteria #hamburguersas #burgers #burgerlovers #foodporn #jamonandreu #tortilladepatata #burgerbar #burgernight #bestburger",0.0,0.0,1.0,0.0
2019-06-19 14:53:50,"Our menu is chock full with all of the food you could ever want. You wonâ€™t have to worry if there will be something that everyone likes...we truly have something for everybody here at G&E! â €
.â €
.â €
.â €
#gande #gandeburgers #williamsburgky #kentucky #kentuckyproud #eatkentucky #explorekentucky #roamkentucky #diner #burger #burgers #dinersdriveinsanddives #coldbeer #beer #eatlocal #burgertime #bestburger #hamburger #madewithlove #eats #delicious #burgerholic #burgergram #burgerlife",0.1511,0.044,0.889,0.068
2019-06-19 14:53:23,"JUICY LUCY, a standout amongst the best burger place in Karachi. It unquestionably falls in top three. May be somewhat costly than most yet it more than causes it to up in its value. It would be ideal if you take a break to visit it in case you're a foodie and love burgers. They don't have a tons of space however wooden seats set before a brilliant yellow window divider with bar stools gave an undoubtedly a fun, cheery vibe.
10/10
.
.
.
.
#jucylucy #burgers #burgersmoke #food #foodie #pakistanifoodblogger #foodiesofinstagram #foodadventures #blogger #bloggerstyle #foodblogger",0.979,0.01,0.737,0.252
2019-06-19 14:52:20,"""The Greek from Annieâ€™s is the nicest burger i have EVER eaten ğŸ¤¤."" Ahhhh thanks @poynterlubz on Twitter! (Pic taken at @anniesburgershacknotts )ğŸ˜˜ğŸ”ğŸ‡¬ğŸ‡· Burger topped with our own Greek Tzatziki, delicious homemade crispy spinach mushroom & Greek Feta patty covered with big chunks of crumbled Real Greek Feta, black olives, drizzle of olive oil & a pinch of Greek salad.

Available as #Vegan #Veggie or #Meaty - Just like EVERY burger on Annie's menu!

Find us at Friary Street, DE1 1JF. We're open every day from midday!
.
.
.
.
.
#Burger #Burgers #Derby #AnniesBurgerShack #PlacesToEat #Lunch #Hungry #Food #Foodie #Instafood #EatingForTheInsta #OnMyTable #nomnomnom #hungry #foodporn #foodgasm #foodblog #foodblogger #tastyfood #tasty #nomnomnom #instafood #instafoodie",0.9213,0.0,0.885,0.115
2019-06-19 14:52:17,"Pineapple in a burger? I hate to admit it, but it was actually good. But then again, I was drunk at the time. What do you think about pineapple in a bun; yay or nay?ğŸğŸ’â€â™‚ï¸
.
.
This is @thegrazingshed's Hula Hula - beef patty, seared mozzarella, caramelised pineapple, spicy mango sauce, smoked bacon & lettuce. ğŸ”
.
.
#thegrazingshed #burger #beefy #pineapple #naughty #ğŸ” #foodporn #foodgasm #chefmode #foodie #instafood #foodblog #cardiff #burgers #fries #yummy #delicious #beautiful #foodstagram #photooftheday #â¤ï¸",0.6966,0.068,0.803,0.128
2019-06-19 14:52:03,"#Ø¹Ø±Ø¨Ø§Øª #Ø§Ù„Ø¨Ø­Ø±ÙŠÙ† #Ø§Ù„Ù…Ù†Ø§Ù…Ø© ##ÙÙˆØ¯_ØªØ±Ø§Ùƒ #Ø§Ù„Ø³Ø¹ÙˆØ¯ÙŠØ© #Ø§ÙƒÙ„ #Ù…Ø´Ø±ÙˆØ¨Ø§Øª ##Ø­Ù„ÙˆÙŠØ§Øª #Ø§Ù„ÙƒÙˆÙŠØª #Ù…Ø·Ø§Ø¹Ù… #Ø³ÙŠØ§Ø­Ø©_Ø§Ù„Ø¨Ø­Ø±ÙŠÙ† #Ù…Ø·Ø§Ø¹Ù…_Ø§Ù„Ø¨Ø­Ø±ÙŠÙ† #Ø³ÙŠØ§Ø­Ø© #Ù‚Ù‡ÙˆØ© #Ø¹ØµØ§ÙŠØ± 
#kuwait #bahrain #foodtrucks #food #cafe #restaurants #hungry #coffee #burgers #snacks #juice #travel #eat #event",0.0,0.0,1.0,0.0
2019-06-19 14:51:58,Tak for besÃ¸get og det fine billede @isidorazmiro â˜ºï¸â¤ï¸ğŸ™Œ Er der andre der ogsÃ¥ kunne bruge sÃ¥dan et bord fyldt med lÃ¦kkerier? ğŸ” #stempelcph,0.2023,0.0,0.924,0.076
2019-06-19 14:51:12,"Niggas flying out here
@yeetonyameet
.
.
.
.
#tgfbro #notfunny #harambe #deadjokes #normal #dab #fail #intense #filthy #burgers #kim #memez #ironicmemes #dankvibe #memeoftheday #bestmemes #nicememe #vaporwave #kidzbop #halloween #spicymeme #silly #hehe #hood #instafunny #swag #bruh #weak #smh #yolo",-0.34,0.066,0.934,0.0
2019-06-19 14:51:07,"Oozy, Cheesy, Loaded nachos that everyone loves!

For Orders, Call : 011-40366466

Address : Club Rd, Punjabi Bagh, Delhi, 110026

#cheekybee #punjabibagh #bee
#cheekybee #cheekybeeindia #punjabibagh #punjabibaghclubroad #burger #burgers #food #foodporn #lamb #burger #doublepatty #cheese #burgerporn #bbq #yummy #foodlover #burgertime #snacktime #eat #tasty #follow #bestburger

@eattreat @foodtalkindia @foodnetwork @buzzfeedindia @buzzfeedfood @thisisinsiderfood @dillifoodies",0.6114,0.0,0.925,0.075
2019-06-19 14:51:01,"Like burgers as much as we do? National Burger Day is nearly here and we're very excited!

Order a Big Beef and get another absolutely free!! All day Thursday 20th June. In store and on www.romayos.ie

#romayos #NationalBurgerDay #burgers #tasty #treatyourself",0.8645,0.0,0.793,0.207
2019-06-19 14:51:01,"Their burgers are pretty good! Great portion and the patties were quite juicy ğŸ˜—ğŸ”ğŸŸ was so full and couldnâ€™t even finish the fries ğŸ˜¢ would be better for sharing
#frenchfries #fries #burger #burgers #fastfood #drink #tea #iced #lemon #lemontea #fiveguys #hkig #hkiger #hkigers #hongkong #hk #hkfood #hkfoodie #eat #dinner #yum #foodie #food #american",0.945,0.0,0.744,0.256
2019-06-19 14:50:53,"Ok, I'm going there.  I'm changing up the burger game this summer with these Cowboy Pork Chop Sandwiches.  They are Everything!  Sauteed bacon BBQ onions on top of a cheesy grilled thin sliced pork chop...all on a bun.  Yes people.  Get on board.  The thin sliced pork chop is super tender and those onions are just to die for.  I'm telling you...these sandwiches will absolutely be your family's new favorite.  @smithfieldbrand of course has a hand in this with their thick cut Cherrywood Smoked Bacon and pork chops.  Click the link in my profile to learn more about these amazing sandwiches. ğŸ˜ï»¿
.ï»¿
.ï»¿
.ï»¿
.ï»¿
#whatchacookinggoodlooking #wcgl #porkchops #porkburgers #burgers #grillingandchilling #grillinandchillin #grillandchill #cheeseburgers #burgertime #baconbbq #sauteedonions #baconlife #baconandcheese #bbqsauceislife #foodnetwork #foodnetworkmagazine #cookingchannel #bareaders #cookitmedia #inmykitchen #cookingforthefamily #grillingforthefamily #huffposttaste #thefeedfeed #feedfeed #burgertime #smithfield #smithfieldbacon #porklovers",0.9344,0.04,0.82,0.14
2019-06-19 14:50:52,"We are prepared to engage you with our World Up Jaw breaking deals!

Since the World Cup is extremely simply one more reason to top off your cravings.
.
.
.
.
.
.
.
#JawBreaker #Jawbreaking #WorldCup #Burgers #Chicken #Beef #Foodies #Foodgasm #Foodporn #Deals",0.6864,0.0,0.84,0.16
2019-06-19 14:50:13,"""The Greek from @original_annies is the nicest burger i have EVER eaten ğŸ¤¤."" Ahhhh thanks @poynterlubz on Twitter! ğŸ˜˜ğŸ”ğŸ‡¬ğŸ‡· Burger topped with our own Greek Tzatziki, delicious homemade crispy spinach mushroom & Greek Feta patty covered with big chunks of crumbled Real Greek Feta, black olives, drizzle of olive oil & a pinch of Greek salad.

Available as #Vegan #Veggie or #Meaty - Just like EVERY burger on Annie's menu!

Find us at 5 Broadway, Lace Market, NG1 1PR. We're open every day from midday!
.
.
.
.
.
#Burger #Burgers #Nottingham #AnniesBurgerShack #PlacesToEat #Lunch #Hungry #Food #Foodie #Instafood #EatingForTheInsta #OnMyTable #nomnomnom #hungry #foodporn #foodgasm #foodblog #foodblogger #tastyfood #tasty #nomnomnom #instafood #instafoodie",0.9213,0.0,0.881,0.119
2019-06-19 14:49:53,mini burgers for the first birthday party of my son #burgers #food #burger #foodporn #foodie #instafood #fries #foodgasm #delicious #yummy #fastfood #foodies #beer #hamburger #cheeseburger #wings #instagood #burgerporn #pizza #foodstagram #dinner #foodlover #foodpics #bar #foodphotography #burgersandfries #frenchfries #happyhour #bacon #miniburgers,0.4019,0.0,0.935,0.065
2019-06-19 14:49:33,"Ovo nije za mene. 
Ovo je od klijenta.
SreÄ‡om.ğŸ˜‚
Ja sam na dijeti i #sutracutrcati
#event #catering #smallfood #burgers #sandwich #burgerkingdom #instafood #colours",0.0,0.0,1.0,0.0
2019-06-19 14:48:32,"Itâ€™s #NationalBurgerDsy on 20th June. Have you tried ours? Itâ€™s the best ğŸ”! ğŸ˜‰

#bestburger #bestburgerinireland #rathcoole #justoffthen7 #muldowneysrathcoole #burgers #muldowneys",0.6696,0.0,0.809,0.191
2019-06-19 14:48:11,Only the best will be served @vulounge #turkishrestaurant #turkishfood #meat #beefchops #lambchops #burgers #shisha #shishalondon #golflondon #thevu #vulounge,0.6369,0.0,0.802,0.198
2019-06-19 14:48:08,"B u r g e r  Date ğŸ” - â£
â£
Alabama Cruncher & The Boston Griller â£
Both burgers tasted divine & the crunch on the Alabama was heavenlyyyyğŸ˜ğŸ˜ I opted for the peppercorn sauce over the gravy which was soo goood! For the quantities this was really good value for money. â£
#FatGirlFoodBlog #FoodBlogger",0.8678,0.0,0.796,0.204
2019-06-19 14:47:51,"Late breakfast in Tampere
#heavybreakfast #streetfood #porkneck #burgers #diydoor #door #table",0.0,0.0,1.0,0.0
2019-06-19 14:47:48,"Bu Ã‡arÅŸamba #burgertown 'da tavukseverlerin favorilerinden ""Chicken Quesadilla"" ğŸ—ğŸŒ® iyi gitmez mi? ğŸ˜‹ #quesadilla #chickenquesadilla #steak #steakhouse #cheddar #cheddarcheese #mozarella #mozarellacheese #mushroom #food #foodstagram #ilovefood #bonfile  #burgertown #doublecheeseburger #doublecheese #cheeseburger #cheeseburgers #burger #burgers #burgerğŸ” #burgergram #handmade #handmadeburger #steak #mersin #adana #kayseri #gaziantep #antep",0.0,0.0,1.0,0.0
2019-06-19 14:47:20,"The Horse Box now serving delicious food every Saturday on site #burgers #sausages #canvasandstarsglamping
#canvasandstars
#glampinguk
#belltent
#familyholiday
#familystaycation
#familyfuntime
#digitaldetox
#glamping
#poshcamping
#glampinglife
#glampingnotcamping
#camping 
#farm
#hottub 
#hottubbreak
#escapetothecountry
#countryside
#starryskies
#tentviews",0.5719,0.0,0.896,0.104
2019-06-19 14:46:49,Comparing the Mothers and Fathers Day #burger #funny #lol #burgers #memes #foodporn #funnymemes #food #meme #burgermania #lmao #foodie #love #burgerfest #dankmemes #anime #burgertime #funnyshit #memesdaily #burgerporn #hilarious #lols #instafood #funnyvideos #lolis #burgerlove #funnymeme #followme #burgerholic #lolz,0.0,0.0,1.0,0.0
2019-06-19 14:45:31,"Hey les amateurs de #CheeseBurgers, on espÃ¨re que vous avez profitÃ© au max de notre promo ""Solo"" du moisâ˜ğŸ¾, car il ne reste plus quelques jours avant sa fin!ğŸ˜‰
#WazBurger
#WeAreWaz
#Food #BurgerTime #FoodTime #Cheese #DoubleCheese #CheeseLovers #CheeseBurgers #Burgers #Hamburgers #Hamburger #FastFood #JunkFood #Foodstagram #FastFoodNation #FastFoodPorn #FoodPorn#FoodLover #Burgers #BurgerPorn #FastFoodIsLife #FastFoods #FrenchFries #FriesLover #Fries #IgFood",0.0,0.0,1.0,0.0
2019-06-19 14:45:22,"Happy Hump day ğŸªâ˜ºï¸ We've got 2-4-1 burgers all day today, no booking required ğŸ”ğŸ’ƒ #FOUNDRYMCR ğŸ’™",0.3612,0.111,0.704,0.186
2019-06-19 14:44:43,Best burger in Brighton weâ€™ve found so far @burgerbrothersbrighton 4/5ğŸ”. Really welcome service ğŸ‘#burgerbrothersbrighton #burgerandfries #burger  #burgers #burgermania #burgerporn #tasty #tastyfood #foodporn #cheeseburger #eat #brightonfoodie #theburgerchamp,0.8173,0.0,0.762,0.238
2019-06-19 14:44:12,"VÃ‰SPERA DE FERIADO COMBINA COM RODÃZIO INSANO SNB!!!
.
SÃ£o 12 sabores de mini hambÃºrgueres, fritas palito, batata chips, esfihas salgada e doces, donuts e refri a vontade, por apenas R$39,90!!! ğŸ˜±ğŸ˜±ğŸ˜±
.
ğŸ”Insano SNB
Av. Governador Argemiro de Figueiredo, 240, Bessa
Delivery ğŸ“(83) 3576-0412
.
#HojeÃ©Dia #RodÃ­zio #Burgers #Fritas #Esfihas #Refri #InsanoSNB #JoÃ£oPessoa",0.0,0.0,1.0,0.0
2019-06-19 14:44:03,Get some Texas Barroom Country in ya! Henry J Sawyer & the boys will be down in GTown from 9pm. So y'all best get down here & check 'em out. #music #livemusic #freelivemusic #blues #country #texascountrymusic #henryjsawyer #geelong #geelonglivemusic #geelongbars #geelongrestaurants #food #beer #wine #spirits #cocktails #cajuncuisine #burgers #poboys #friedchicken #gumbo #jambalaya #chickenandwaffles #pulledpork #friedoysters #oysters #cornbread #cajunfood,0.6975,0.0,0.919,0.081
2019-06-19 14:43:15,"KFC
Kia kahon itna khaya kfc itna ka ab bs mera to dil hi khatm ho gaya kFC mcdonald, hardeez, burger king itna khaya ka my laptop is filled with pictures of these 4 chalo ek review banta
What makes KFC unique is fried chicken from others only thing i like about kfc. I have tried their bucket and thats only thing kfc is good at zinger ma bhi fried chicken acha hota so sometimes i try it but yar truely saying kfc pizza hut ya ab rah gaya not too good local brands in sa agy nikal gay han.

#burgers #food #burger #foodporn #foodie #instafood #fries #foodgasm #delicious #yummy #fastfood #foodies #beer #hamburger #cheeseburger #wings #instagood #burgerporn #pizza #foodstagram #dinner #foodlover #foodpics #bar #foodphotography #burgersandfries #frenchfries #happyhour #bacon #bhfyp",0.6059,0.02,0.923,0.057
2019-06-19 14:43:15,"Yaz aylarÄ±nÄ±n vazgeÃ§ilmezi Ä°talyan Burger ğŸ”
.
#hÄ±zlÄ±burger #burger #burgerlover #hamburger #hamburgerlove #instaburger #fastfoodlovers #fastfood #food #burgerğŸ” #burgers #hamburgerci #hamburgers #atakÃ¶y #bakÄ±rkÃ¶y #yeÅŸilkÃ¶y #florya",0.0,0.0,1.0,0.0
2019-06-19 14:43:07,Captain's Booty Burger #CBB #wtf #charcoal #bun #maple #pineapple #burgers #smoked #comeatme #hungry #chefstable #feed #growth #huge #chefslife #instadaily #instafood #foodies #burgerking #burgerlover #colour #artofplating #chefseye #market,0.0,0.0,1.0,0.0
2019-06-19 14:42:19,"How good do these nachos look?! â €
â€¢â €
â€¢â €
â€¢â €
#iloveharlies #leeds #leedslife #food #foodie #yummy #instagood #instafood #foodstagram #burger #burgers #meat #shakes #eat #hungry #restaurant #diner #uk #burgergram #fries #dessert #waffles #sweet #fastfood #ubereats #justeat #takeaway #halal",0.4926,0.0,0.919,0.081
2019-06-19 14:41:43,Welcome new member @twogramps_266 Now open for lunch #mainebeer and #burgers in #gardinermaine #hospitalitymaine,0.4588,0.0,0.812,0.188
2019-06-19 14:41:14,"Fresh dough made every day
#shop #pizza #shawarma #burgers #kebabs #opening #walsall #business #new #takeaway #food #sauce #wednesbury #chicken #yummy #hungry #foodie #dough #fresh #tasty",0.3182,0.0,0.913,0.087
2019-06-19 14:41:04,Burger PSA: custom orders aren't just for the #HaloBurger! You can also add patties and extra cheese to our other banging burgers â€“ this Smoky Carolina BBQ Burger has an extra 1/8lb patty and cheese ğŸ”ğŸ§€ *drools*,0.0,0.0,1.0,0.0
2019-06-19 14:40:54,"Family burger dates. Best burgers in the freakin world!
.
.
.
.
.
#aestheticofitness #aesthetico #hiit #training #hiittraining #fun #fit #health #love #crossfit #muscles #fitfam #family #fitspo #squats #highintensity #aestheticogames #beastmode #aestheticogames2019 #strength #deadlifts #deadlift #athlete #assaultbike #chinups #reebok #adelaide #fudds #burgers",0.6696,0.0,0.892,0.108
2019-06-19 14:40:49,"@thedudes__ ğŸ”BACON & CHEESE BURGERS ğŸ”
#mammuth #monopoli #puglia #shoponline #store #newcollection #new #collection #spring #summer #2019 #tshirt #man #thedudes #boys #streetwear #streetstyle #burgers #bacon @thedudes__",0.0,0.0,1.0,0.0
2019-06-19 14:40:12,"Itâ€™s Wednesday lunchtime and itâ€™s still raining. But we can brighten your day, come make the trek through the rain and drizzle and together we can make the world a better brighter and more happy place. You provide elbows and bottoms and we will provide smiles and sustenance. 
#scarborough #wantitall #asianfoodporn #wetwednesday #midweekblues #weekendiscoming #burgers #meatballs #ramen #pho #burgerme #loveourballs #bigbowls #smiles #shenanigans",0.9381,0.0,0.786,0.214
2019-06-19 14:40:10,"People love it for a reason. Get yours now!  Call: 091361 15533
#PaintMeRed #BestofSSUP #OrderNow
.
.
.
.
.
.
.
.
.
.
.
#foodblogger #foodgasm #foodlover #photooftheday #bandra #healthyfood #picoftheday #dinner #healthy #fitness #tasty #eat #drinks #follow #love #quickservicerestaurant #pizza #burgers #salads #bollywood #like #comment #instafood #instalike #food #vibrant",0.6696,0.0,0.897,0.103
2019-06-19 14:39:22,"Italian Biscotto Shake By @oiya.in 
Order NowğŸ‘ŒLink In Bioâ˜ï¸
ğŸ” New Menu - Desi Swag By Oiya
ğŸ‘Œ Bombay Burger AKA Vada Paav
ğŸ‘ŒDaal Makhni/Lavcha Paratha Meal
ğŸ‘ŒBPM / Laccha Paratha Meal
ğŸ‘ŒMasaledaar Chola Kulcha

Your Favourite Place Now Open From Morning 8:30am Till Midnight. 
Home Delivery Available till 2A.M. ğŸ¥Introducing Oi Egg ğŸ³ Classico Burgers ğŸ” ğŸ¥ Introducing Bombay Burger ğŸ” A.K.A. VADA Paav

Craft Burgers & Love. 
Oiya Now On Zomato Gold. 
Get All Great Benefits of @zomatogold and enjoy free Craft Burgers & Beverages at Your Favourite Craft Burger ğŸ” & Milkshake Joint. 
Sipping Milkshakes & Sharing Love ğŸ’– 
Craft Burgers ğŸ” & Love ğŸ’• 
Buy 1 Get 1 Free On Popcorn ğŸ¿ Caramel Swirls Icecream ğŸ¦ & Popcorn ğŸ¿ Caramel Milkshakes ğŸ¥¤ğŸ˜- No Conditions Applied ğŸ˜®
Summers call an awesome Treat at Oiya. 
Craft Burgers ğŸ” And Delecious Milkshakes Are Love ğŸ’– ğŸŒŸ
Get Your Personalised Beverage ğŸ¤©
Shake Stories By Oiya ğŸŒŸ
Fresh Baked Buns And Cheese Sauce With A Crunchy Breaded Paneer Patty - Burgers ğŸ” Of Dreams.

Love for Craft Burgers ğŸ” ğŸ’¯
ğŸ¤©
ğŸ‘‰Bite Into Those Awesome Craft Burgers ğŸ” & Fries ğŸŸ these winters. â„ï¸
Thanks for your visit ğŸ¥°ğŸ”ğŸ¥¤ğŸŸ ğŸ‘‰
Oi-Aloo Tikki Surprise Starting @ just 49/-
Craft Burgers With a Choice Of Whole Wheat Buns And Farm To Cup Coffee Experience. 
Along with
Shake Stories By Oiya. 
Most Delecious Milkshakes with a choice of Low Fat Milk 
#oiya  #indorefood #burgers #chickenwings #coffee #summer #healthyfood #fries #cheese #india #loveforfood #happy #icecream #shake #eat 
A Perfect North Indian ğŸ‡®ğŸ‡³ Fusion Range Crafted To Attack Your Cravings. 
#food #pavbhaji #indore #chai #burger #coffee #fresh #organic  #veggie #pavbhaji #vadapav #paneer  #foodporn #foodie #foodgasm #indorediaries  #indorecity",0.9952,0.043,0.734,0.223
2019-06-19 14:38:38,"New Additions to the menu - Coming Soon!
#crispychicken #Burgers #mumbaikar #Mumbaigram #foodstagram",0.0,0.0,1.0,0.0
2019-06-19 14:38:36,"So succulent falling off the bone ğŸ–
ğŸ–
ğŸ–
ğŸ–
#porkshoulder #hogroast #pinkyshogroast #foodie #foodstergram #foodporn #foodgasm #food #spitroast #burgers",-0.2212,0.111,0.889,0.0
2019-06-19 14:37:57,"One of The Best #BURGERS in ğŸ“BCN @la_central_hamburgueseria 
#thesweetsaltt .
.
.
#beef#burgerbread#foodie#food#foodlover#foodporn#foodgasm#foodstagram#foodstyle#foodblogger#barcelona#lacentrale",0.6369,0.0,0.682,0.318
2019-06-19 14:35:50,"Spot of lunch anyone? Just the medicine needed on hump day:  Southern fried chicken wrap with cheese, lettuce and cajun mayo served with Asian slaw and stealth fries ğŸ˜ğŸ˜ğŸ˜ #lisburnroad #lunch #brunch #humpday #catchupwithfriends #food #visitbelfast #pureroastcoffee #cappuccino #foodies #yummyfood #wraps #sandwiches #burgers #smoothies #milkshakes",0.4215,0.027,0.907,0.065
2019-06-19 14:35:29,"Ğ¡Ğ²Ğ¸Ğ½Ğ¸Ğ½Ğ° Ğ² Ğ¿Ğ¸Ğ²Ğµ Ñ Ğ°Ğ½Ñ‚Ğ¾Ğ½Ğ¾Ğ²ĞºĞ¾Ğ¹

Ğ˜Ğ½Ğ³Ñ€ĞµĞ´Ğ¸ĞµĞ½Ñ‚Ñ‹
Ğ¡Ğ²Ğ¸Ğ½Ğ°Ñ ÑˆĞµÑ 2ĞºĞ³
Ğ¡Ğ¾Ğ»ÑŒ, Ğ¿ĞµÑ€ĞµÑ† Ñ‡Ñ‘Ñ€Ğ½Ñ‹Ğ¹ Ğ¼Ğ¾Ğ»Ğ¾Ñ‚Ñ‹Ğ¹
ĞŸĞ°Ğ¿Ñ€Ğ¸ĞºĞ° Ğ¼Ğ¾Ğ»Ğ¾Ñ‚Ğ°Ñ 30Ğ³ 
Ğ¯Ğ±Ğ»Ğ¾ĞºĞ¸ Ğ°Ğ½Ñ‚Ğ¾Ğ½Ğ¾Ğ²ĞºĞ° 1ĞºĞ³ (10 ÑˆÑ‚) 
Ğ›ÑƒĞº Ñ€ĞµĞ¿Ñ‡Ğ°Ñ‚Ñ‹Ğ¹ 6ÑˆÑ‚ (Ğ½ĞµĞ±Ğ¾Ğ»ÑŒÑˆĞ¸Ğµ Ğ»ÑƒĞºĞ¾Ğ²Ğ¸Ñ†Ñ‹) 
Ğ§ĞµÑĞ½Ğ¾Ğº 1 Ğ³Ğ¾Ğ»Ğ¾Ğ²ĞºĞ° (12 Ğ·ÑƒĞ±Ñ‡Ğ¸ĞºĞ¾Ğ²) 
Ğ›Ğ°Ğ²Ñ€Ğ¾Ğ²Ñ‹Ğ¹ Ğ»Ğ¸ÑÑ‚ 4ÑˆÑ‚
Ğ”ÑƒÑˆĞ¸ÑÑ‚Ñ‹Ğ¹ Ğ¿ĞµÑ€ĞµÑ† 10ÑˆÑ‚ 
Ğ¢Ğ¸Ğ¼ÑŒÑĞ½ ÑĞ²ĞµĞ¶Ğ¸Ğ¹ 10Ğ³
ĞŸĞ¸Ğ²Ğ¾ ÑĞ²ĞµÑ‚Ğ»Ğ¾Ğµ Ğ½ĞµÑ„Ğ¸Ğ»ÑŒÑ‚Ñ€Ğ¾Ğ²Ğ°Ğ½Ğ½Ğ¾Ğµ 0,5Ğ» 
Ğ›Ğ¸ÑÑ‚ÑŒÑ ÑĞ²ĞµĞ¶ĞµĞ¹ Ğ·ĞµĞ»ĞµĞ½Ğ¸ Ğ´Ğ»Ñ ÑĞµÑ€Ğ²Ğ¸Ñ€Ğ¾Ğ²ĞºĞ¸

Ğ¡Ğ²Ğ¸Ğ½Ğ¸Ğ½Ñƒ Ğ¿Ğ¾Ğ»Ğ¾Ğ¶Ğ¸Ñ‚ÑŒ Ğ² Ğ±Ğ¾Ğ»ÑŒÑˆÑƒÑ Ñ„Ğ¾Ñ€Ğ¼Ñƒ Ğ´Ğ»Ñ Ğ·Ğ°Ğ¿ĞµĞºĞ°Ğ½Ğ¸Ñ Ñ Ğ²Ñ‹ÑĞ¾ĞºĞ¸Ğ¼Ğ¸ Ğ±Ğ¾Ñ€Ñ‚Ğ°Ğ¼Ğ¸, Ğ¿Ğ¾ÑÑ‹Ğ¿Ğ°Ñ‚ÑŒ ÑĞ¾Ğ»ÑŒÑ, Ğ¼Ğ¾Ğ»Ğ¾Ñ‚Ñ‹Ğ¼ Ğ¿ĞµÑ€Ñ†ĞµĞ¼ Ğ¸ Ğ¿Ğ°Ğ¿Ñ€Ğ¸ĞºĞ¾Ğ¹. Ğ’Ñ‚ĞµÑ€ĞµÑ‚ÑŒ ÑĞ¿ĞµÑ†Ğ¸Ğ¸.
Ğ’Ğ¾ĞºÑ€ÑƒĞ³ Ğ¼ÑÑĞ° Ğ²Ñ‹Ğ»Ğ¾Ğ¶Ğ¸Ñ‚ÑŒ Ñ†ĞµĞ»Ñ‹Ğµ ÑĞ±Ğ»Ğ¾ĞºĞ¸ Ğ¸ Ğ½ĞµĞ¾Ñ‡Ğ¸Ñ‰ĞµĞ½Ğ½Ñ‹Ğµ Ğ»ÑƒĞºĞ¾Ğ²Ğ¸Ñ†Ñ‹.ĞœĞµĞ¶Ğ´Ñƒ Ğ»ÑƒĞºĞ¾Ğ¼ Ğ¸ ÑĞ±Ğ»Ğ¾ĞºĞ°Ğ¼Ğ¸ Ğ¿Ğ¾Ğ¼ĞµÑÑ‚Ğ¸Ñ‚ÑŒ Ğ½ĞµĞ¾Ñ‡Ğ¸Ñ‰ĞµĞ½Ğ½Ñ‹Ğµ Ğ·ÑƒĞ±Ñ‡Ğ¸ĞºĞ¸ Ñ‡ĞµÑĞ½Ğ¾ĞºĞ°, Ğ»Ğ°Ğ²Ñ€Ğ¾Ğ²Ñ‹Ğ¹ Ğ»Ğ¸ÑÑ‚ Ğ¸ Ğ´ÑƒÑˆĞ¸ÑÑ‚Ñ‹Ğ¹ Ğ¿ĞµÑ€ĞµÑ†. Ğ’Ñ‹Ğ»Ğ¾Ğ¶Ğ¸Ñ‚ÑŒ Ğ²ĞµÑ‚Ğ¾Ñ‡ĞºĞ¸ Ñ‚Ğ¸Ğ¼ÑŒÑĞ½Ğ°.Ğ—Ğ°Ğ»Ğ¸Ñ‚ÑŒ Ğ±Ğ»ÑĞ´Ğ¾ Ğ¿Ğ¸Ğ²Ğ¾Ğ¼. Ğ¡Ğ²Ğ¸Ğ½Ğ¸Ğ½Ñƒ ÑĞ²ĞµÑ€Ñ…Ñƒ Ğ¾Ğ±Ğ¸Ğ»ÑŒĞ½Ğ¾ Ğ½Ğµ Ğ¾Ğ±Ğ»Ğ¸Ğ²Ğ°Ñ‚ÑŒ, Ñ‚Ğ¾Ğ»ÑŒĞºĞ¾ ÑĞ»ĞµĞ³ĞºĞ°, Ñ‡Ñ‚Ğ¾Ğ±Ñ‹ Ğ¾Ğ½Ğ° Ğ¾ÑÑ‚Ğ°Ğ»Ğ°ÑÑŒ Ğ² ÑĞ¿ĞµÑ†Ğ¸ÑÑ….
Ğ—Ğ°Ğ¿ĞµĞºĞ°Ñ‚ÑŒ Ğ² Ğ´ÑƒÑ…Ğ¾Ğ²ĞºĞµ 2 â€” 2,5 Ñ‡Ğ°ÑĞ° Ğ¿Ñ€Ğ¸ Ñ‚ĞµĞ¼Ğ¿ĞµÑ€Ğ°Ñ‚ÑƒÑ€Ğµ 170 Ğ³Ñ€Ğ°Ğ´ÑƒÑĞ¾Ğ².ĞŸĞ¾ÑĞ»Ğµ Ğ²Ñ‹Ğ»Ğ¾Ğ¶Ğ¸Ñ‚ÑŒ ÑĞ²Ğ¸Ğ½Ğ¸Ğ½Ñƒ Ğ¸ Ğ½Ğ°Ñ€ĞµĞ·Ğ°Ñ‚ÑŒ ÑĞ»Ğ°Ğ¹ÑĞ°Ğ¼Ğ¸.Ğ¯Ğ±Ğ»Ğ¾ĞºĞ¸, Ğ¿Ñ€ĞµĞ²Ñ€Ğ°Ñ‚Ğ¸Ğ²ÑˆĞ¸ĞµÑÑ Ğ¿Ñ€Ğ°ĞºÑ‚Ğ¸Ñ‡ĞµÑĞºĞ¸ Ğ² Ğ¿ÑÑ€Ğµ, Ñ€Ğ°Ğ·Ğ¼ÑÑ‚ÑŒ Ğ»Ğ¾Ğ¶ĞºĞ¾Ğ¹.
ĞŸĞ¾Ğ»Ğ¾Ğ¶Ğ¸Ñ‚Ğµ Ğ½Ğ° Ñ‚Ğ°Ñ€ĞµĞ»ĞºÑƒ Ğ½ĞµÑĞºĞ¾Ğ»ÑŒĞºĞ¾ ÑĞ»Ğ°Ğ¹ÑĞ¾Ğ² Ğ¼ÑÑĞ° Ğ¸ Ğ¿Ğ¾Ğ»ĞµĞ¹Ñ‚Ğµ Ğ¸Ñ… ÑĞ¾ÑƒÑĞ¾Ğ¼.Ğ ÑĞ´Ğ¾Ğ¼ Ğ²Ñ‹Ğ»Ğ¾Ğ¶Ğ¸Ñ‚Ğµ ÑĞ±Ğ»Ğ¾Ñ‡Ğ½Ğ¾Ğµ Ğ¿ÑÑ€Ğµ Ğ¸ Ğ¿ĞµÑ‡Ñ‘Ğ½Ñ‹Ğ¹ Ğ»ÑƒĞº.Ğ£ĞºÑ€Ğ°ÑÑŒÑ‚Ğµ Ğ±Ğ»ÑĞ´Ğ¾ Ğ·ĞµĞ»ĞµĞ½ÑŒÑ
.
.
@prilaga #foodie #burgers #yummy #burgerporn #fastfoodjunkie #foodies #foodlover #fastfoods #fries #fastfood #fastfoodsucks #fastfoodnation #foodphotos #food #fried #instagood #fastfoodfriday #foodgasm #instafood #fast #burger #fastfoodbinge #foodpics #foodporn #frenchfries #junkfood #hamburger #fastfoodlife #prilaga #fastfoodporn",0.0,0.0,1.0,0.0
2019-06-19 14:35:15,#burgers should be made with #love #alltime - #beef #bacon #parsley ğŸ‘‰ğŸ» go !! #instafood #burgerlove,0.0,0.0,1.0,0.0
2019-06-19 14:34:57,"Culture meets urban at QUEENS.
.
.
#queens #queenseatery #food #foody #foodography #foodies #cafe #cafetaria #eatery #coffee #coffeeshop #bar #burgers #hotdogs #momos #nepalicafe #sanepa #kathmandu #nepal #foodrevolution #foodlife #beers #wine #wineanddine",0.0,0.0,1.0,0.0
2019-06-19 14:33:59,"Culture meets urban at QUEENS.
.
.
#queens #queenseatery #food #foody #foodography #foodies #cafe #cafetaria #eatery #coffee #coffeeshop #bar #burgers #hotdogs #momos #nepalicafe #sanepa #kathmandu #nepal #foodrevolution #foodlife #beers #wine #wineanddine",0.0,0.0,1.0,0.0
2019-06-19 14:33:53,Î‘Ï…Ï„Î® Î· Î Î±ÏÎ±ÏƒÎºÎµÏ…Î® 21/6 Î´ÎµÎ½ ÎµÎ¯Î½Î±Î¹ ÏƒÎ±Î½ ÏŒÎ»ÎµÏ‚ Ï„Î¹Ï‚  Ï…Ï€ÏŒÎ»Î¿Î¹Ï€ÎµÏ‚.Î£Î±Ï‚ Ï€ÎµÏÎ¹Î¼Î­Î½Î¿Ï…Î¼Îµ ÏŒÎ»Î¿Ï…Ï‚ Î½Î± Ï€ÎµÏÎ¬ÏƒÎ¿Ï…Î¼Îµ Î­Î½Î± Î²ÏÎ¬Î´Ï… Î³ÎµÎ¼Î¬Ï„Î¿ Î³ÎµÏ…ÏƒÏ„Î¹ÎºÎ¬ burgers ÎºÎ±Î¹ Î´ÏÎ¿ÏƒÎµÏÎ¬ cocktails..Be a pinapple and be there..,0.0,0.0,1.0,0.0
2019-06-19 14:33:34,"Culture meets urban at QUEENS.
.
.
#queens #queenseatery #food #foody #foodography #foodies #cafe #cafetaria #eatery #coffee #coffeeshop #bar #burgers #hotdogs #momos #nepalicafe #sanepa #kathmandu #nepal #foodrevolution #foodlife #beers #wine #wineanddine",0.0,0.0,1.0,0.0
2019-06-19 14:33:12,"Culture meets urban at QUEENS.
.
.
#queens #queenseatery #food #foody #foodography #foodies #cafe #cafetaria #eatery #coffee #coffeeshop #bar #burgers #hotdogs #momos #nepalicafe #sanepa #kathmandu #nepal #foodrevolution #foodlife #beers #wine #wineanddine",0.0,0.0,1.0,0.0
2019-06-19 14:32:52,"Culture meets urban at QUEENS.
.
.
#queens #queenseatery #food #foody #foodography #foodies #cafe #cafetaria #eatery #coffee #coffeeshop #bar #burgers #hotdogs #momos #nepalicafe #sanepa #kathmandu #nepal #foodrevolution #foodlife #beers #wine #wineanddine #art #wallart #urbanart #culturaart #wallpaint",0.0,0.0,1.0,0.0
2019-06-19 14:32:33,"Culture meets urban at QUEENS.
.
.
#queens #queenseatery #food #foody #foodography #foodies #cafe #cafetaria #eatery #coffee #coffeeshop #bar #burgers #hotdogs #momos #nepalicafe #sanepa #kathmandu #nepal #foodrevolution #foodlife #beers #wine #wineanddine",0.0,0.0,1.0,0.0
2019-06-19 14:24:23,"OLD NO 7 BURGER 
A prime beef burger glazed with JD BBQ sauce and topped with American cheese, bacon & blue cheese slaw, onion rings and more JD BBQ sauce! Available for the rest of this month on our specials!",0.1904,0.07,0.841,0.089
2019-06-19 09:55:07,"#oiyafam #photoshoot 
Get Lost Into The Delecious ğŸ˜
ğŸ” New Menu - Desi Swag By Oiya
ğŸ‘Œ Bombay Burger AKA Vada Paav
ğŸ‘ŒDaal Makhni/Lavcha Paratha Meal
ğŸ‘ŒBPM / Laccha Paratha Meal
ğŸ‘ŒMasaledaar Chola Kulcha

Your Favourite Place Now Open From Morning 8:30am Till Midnight. 
Home Delivery Available till 2A.M. ğŸ¥Introducing Oi Egg ğŸ³ Classico Burgers ğŸ” ğŸ¥ Introducing Bombay Burger ğŸ” A.K.A. VADA Paav

Craft Burgers & Love. 
Oiya Now On Zomato Gold. 
Get All Great Benefits of @zomatogold and enjoy free Craft Burgers & Beverages at Your Favourite Craft Burger ğŸ” & Milkshake Joint. 
Sipping Milkshakes & Sharing Love ğŸ’– 
Craft Burgers ğŸ” & Love ğŸ’• 
Buy 1 Get 1 Free On Popcorn ğŸ¿ Caramel Swirls Icecream ğŸ¦ & Popcorn ğŸ¿ Caramel Milkshakes ğŸ¥¤ğŸ˜- No Conditions Applied ğŸ˜®
Summers call an awesome Treat at Oiya. 
Craft Burgers ğŸ” And Delecious Milkshakes Are Love ğŸ’– ğŸŒŸ
Get Your Personalised Beverage ğŸ¤©
Shake Stories By Oiya ğŸŒŸ
Fresh Baked Buns And Cheese Sauce With A Crunchy Breaded Paneer Patty - Burgers ğŸ” Of Dreams.

Love for Craft Burgers ğŸ” ğŸ’¯
ğŸ¤©
ğŸ‘‰Bite Into Those Awesome Craft Burgers ğŸ” & Fries ğŸŸ these winters. â„ï¸
Thanks for your visit ğŸ¥°ğŸ”ğŸ¥¤ğŸŸ ğŸ‘‰
Oi-Aloo Tikki Surprise Starting @ just 49/-
Craft Burgers With a Choice Of Whole Wheat Buns And Farm To Cup Coffee Experience. 
Along with
Shake Stories By Oiya. 
Most Delecious Milkshakes with a choice of Low Fat Milk 
#oiya  #indorefood #burgers #chickenwings #coffee #summer #healthyfood #fries #cheese #india #loveforfood #happy #icecream #shake #eat 
A Perfect North Indian ğŸ‡®ğŸ‡³ Fusion Range Crafted To Attack Your Cravings. 
#food #indore #chai #burger #coffee #fresh  #veggie #pavbhaji #vadapav  #foodporn #foodie #foodgasm #indorediaries  #indorecity",0.9951,0.046,0.728,0.226
2019-06-16 22:00:13,"Unknown food, totally...-
-
-
-
-
-
-
-
#nobu #burgers #food #burger #foodporn #foodie #instafood #fries #foodgasm #delicious #yummy #fastfood #foodies #beer #hamburger #cheeseburger #wings #instagood #burgerporn #pizza #foodstagram #dinner #foodlover #foodpics #bar #foodphotography #burgersandfries #frenchfries #happyhour #bacon @therealnobu",0.0,0.0,1.0,0.0
2019-06-13 21:49:17,"""ğ˜Œğ˜ªğ˜¯ ğ˜‰ğ˜¶ğ˜³ğ˜¨ğ˜¦ğ˜³ ğ˜¬ğ˜°ğ˜®ğ˜®ğ˜µ ğ˜´ğ˜¦ğ˜­ğ˜µğ˜¦ğ˜¯ ğ˜¢ğ˜­ğ˜­ğ˜¦ğ˜ªğ˜¯."" ğŸ”
#burgers #food #burger #foodporn #instafood #fries #foodgasm #delicious #afterwork  #fastfood #foodies #hamburger #instadaily #burgerporn #dinner #foodstagram #love #foodlover #foodpics #fresh #foodphotography #drink #burgersandfries #happyhour #homemade #nÃ¼rnberg #foodaddict #cheatday #mealoftheday #nuernbergfood",0.0,0.0,1.0,0.0
2019-06-07 06:08:45,"Chicken and fries
.
.
.
.
.
.
#burgerporn #burgers #foodgasm #loveit #food #foodie #delicious #bucara #cheese #dailyfoodfeed #ilovefood #foodblog #melo #fries #bacon #eating #hamburger #cheeseburger # #instagood #burgerlovers #lovefood #carnaval #comida #EEEEEATS #sanpedro #foodgasm
#chicken",0.0,0.0,1.0,0.0
2019-05-17 20:40:08,#stonewellbarrestaurant #stonewellsummer2019 #burgers #cretan #crete #malia,0.0,0.0,1.0,0.0
2019-06-19 14:32:19,"We know how to satisfy them taste buds ğŸ˜‰ we have some surprises coming for you keep a eye out ğŸ‘€ -

Order For Delivery 6pm -10pm Via @justeatuk or give us a bell â˜ï¸ 0 1 4 9 4  6 1 9 9 7 4 ğŸ“² .
#brothersbbqgrill #chesham #amersham #hemel #bucks #food #foodie #foodies #foodporn #gourmet #wraps #burgers #bbq #vegan #options #franchise #uk",0.5994,0.0,0.902,0.098
2019-06-19 14:31:13,"**CHECK IT OUT!** Our live entertainment for this weekend! Stop by & enjoy!! ğŸ¼â˜€ï¸
FRIDAY- Al & Sal Duo at 6:30PM
SUNDAY- The Irish Band at 5:00PM
â€¢â€¢â€¢â€¢â€¢â€¢â€¢â€¢â€¢â€¢â€¢â€¢â€¢â€¢â€¢â€¢â€¢â€¢â€¢â€¢â€¢â€¢â€¢â€¢â€¢â€¢â€¢â€¢â€¢â€¢â€¢â€¢â€¢â€¢â€¢â€¢â€¢â€¢â€¢â€¢â€¢â€¢â€¢â€¢â€¢â€¢â€¢â€¢â€¢â€¢â€¢â€¢â€¢â€¢â€¢â€¢â€¢â€¢â€¢â€¢
#lordship #liveentertainment #music #waterfrontdining #exit30 #patiomusic #wings #burgers #ahituna #lobsterroll #outdoordining #seafood #rileysbytheseawall #stratford #lorshipseawall #guinness #stratfordrestaurants #shots #shotsareflowing",0.7156,0.043,0.818,0.14
2019-06-19 14:31:06,"This is Sergejs, our star Head Chef - he loves cooking for you guys and letâ€™s face it, he makes the best burgers in town!! ğŸ”â¤ï¸
â €â €â €â €â €â €â €â €â €â €â €â €
â €â €â €â €â €â €â €â €â €â €â €â €
â €â €â €â €â €â €â €â €â €â €â €â €
â €â €â €â €â €â €â €â €â €â €â €â €
#headchef #weloveserge #themachine #burgers #chef #masterchef #thebest #brewdogcamden #camden #london #veggieburger #veggie",0.8585,0.0,0.821,0.179
2019-06-19 14:31:05,"One for the diaries ğŸ“” âœ”ï¸ ğŸ¥˜ . See you soon! Vivre le summer! .
.
.
#lacantine #breakfast #lunch #snacks #drinks #coffees #sandwiches #burgers #lavachet #tignes #opening #instagood #instacheese #grilledcheese #cheesecheesecafe #summerlovin",0.0,0.0,1.0,0.0
2019-06-19 14:30:51,"Pop in to get your hands on our lunchtime specials!
**Â£5 Six Buffalo Wings
+ Skin on Fries
**Â£9 Holee Cow / Kim Jong-unâ€™s /
Jacky Bean Bag
+ Skin on Fries .
. .
.
.
.
.
#holeecow #burgerporn#cheatmeal#burgers #cheeseburger#burger#Cheltenham #thecotswolds#cotswolds#gloucester #gloucestershire#hamburger#cotswoldfood #eat #food#friesonfire#burgergram@bestfood_aroundtheworld#grubzone#eatfamous #burguer#burgerlove#EEEEEATS#devourpower#biggestburgers1",0.0,0.0,1.0,0.0
2019-06-19 14:30:46,"Phwoooooar ğŸ˜ Youâ€™ve got to try the mouth watering signature Cheese Burger from our very our City Burger ğŸ”.
.
.
.
#foodporn #burgers #weloveburgers #streetfood #foodmarket #londonfood #streetmarketlondon #humpday",0.0,0.0,1.0,0.0
2019-06-19 14:30:09,"ğŸ¤¤ğŸ¤¤
.
.
.
.
.
#food #foodporn #burgers #sweden #stockholm #moodygrams #instalike #life #lifestyle #picoftheday #photo #photographer #photography #summervibes",0.0,0.0,1.0,0.0
2019-06-19 14:30:08,"ĞŸÑ€Ğ¸ÑˆĞ»Ğ¾ Ğ²Ñ€ĞµĞ¼Ñ Ğ¿Ñ€Ğ¾Ñ‰Ğ°Ñ‚ÑŒÑÑâ€¦
â €
Ğ¡Ğ¾ ÑˆĞºĞ¾Ğ»Ğ°Ğ¼Ğ¸ Ğ¸ Ğ²ÑƒĞ·Ğ°Ğ¼Ğ¸, Ñ Ğ»ÑĞ±Ğ¸Ğ¼Ñ‹Ğ¼Ğ¸ Ğ¾Ğ´Ğ½Ğ¾ĞºĞ»Ğ°ÑÑĞ½Ğ¸ĞºĞ°Ğ¼Ğ¸ Ğ¸ ÑĞ¾ĞºÑƒÑ€ÑĞ½Ğ¸ĞºĞ°Ğ¼Ğ¸, Ñ ÑĞºĞ·Ğ°Ğ¼ĞµĞ½Ğ°Ğ¼Ğ¸ Ğ¸ Ğ·Ğ°Ñ‡ĞµÑ‚Ğ°Ğ¼Ğ¸ ğŸ‘¨ğŸ»ğŸ“
â €
Ğ’Ñ‹Ğ¿ÑƒÑĞºĞ½Ğ¸ĞºĞ¸, Ğ¼Ñ‹ Ğ²Ğ°Ğ¼ Ğ¾Ñ‡ĞµĞ½ÑŒ Ğ·Ğ°Ğ²Ğ¸Ğ´ÑƒĞµĞ¼! Ğ’Ğ¿ĞµÑ€ĞµĞ´Ğ¸ Ñƒ Ğ²Ğ°Ñ ÑÑ‚Ğ¾Ğ»ÑŒĞºĞ¾ Ğ²Ğ¾Ğ·Ğ¼Ğ¾Ğ¶Ğ½Ğ¾ÑÑ‚ĞµĞ¹ Ğ¸ Ğ½Ğ¾Ğ²Ñ‹Ñ… Ğ¾Ñ‚ĞºÑ€Ñ‹Ñ‚Ğ¸Ğ¹ âœˆ
â €
Ğ Ñ‡Ñ‚Ğ¾Ğ±Ñ‹ Ğ²Ñ‹Ğ¿ÑƒÑĞºĞ½Ğ¾Ğ¹ Ğ·Ğ°Ğ¿Ğ¾Ğ¼Ğ½Ğ¸Ğ»ÑÑ Ğ½Ğ°Ğ´Ğ¾Ğ»Ğ³Ğ¾, Ğ¿Ñ€Ğ¸Ğ³Ğ»Ğ°ÑˆĞ°ĞµĞ¼ Ğ¾Ñ‚Ğ¼ĞµÑ‚Ğ¸Ñ‚ÑŒ ÑÑ‚Ğ¾Ñ‚ Ğ´ĞµĞ½ÑŒ Ğ² Ğ½Ğ°ÑˆĞ¸Ñ… Ğ±ÑƒÑ€Ğ³ĞµÑ€Ğ½Ñ‹Ñ…. Ğ˜ Ğ´Ğ°Ñ€Ğ¸Ğ¼ 20â€“21 Ğ¸ÑĞ½Ñ ÑĞºĞ¸Ğ´ĞºÑƒ Ğ² 20 % Ğ¿Ñ€Ğ¸ Ğ·Ğ°ĞºĞ°Ğ·Ğµ Ğ¾Ñ‚ 1000 Ñ€ÑƒĞ±Ğ»ĞµĞ¹. Ğ§Ñ‚Ğ¾Ğ±Ñ‹ Ğ¿Ğ¾Ğ»ÑƒÑ‡Ğ¸Ñ‚ÑŒ ÑĞºĞ¸Ğ´ĞºÑƒ, Ğ¿Ğ¾ĞºĞ°Ğ¶Ğ¸Ñ‚Ğµ Ğ´Ğ¸Ğ¿Ğ»Ğ¾Ğ¼ ÑĞ¾Ñ‚Ñ€ÑƒĞ´Ğ½Ğ¸ĞºÑƒ Ğ±ÑƒÑ€Ğ³ĞµÑ€Ğ½Ğ¾Ğ¹ Ğ½Ğ° ĞºĞ°ÑÑĞµ ğŸ˜‰
â €
#meat #burgers #food #Ğ¼ÑÑĞ¾ #ĞµĞ´Ğ°#Ğ±ÑƒÑ€Ğ³ĞµÑ€ #Ğ³Ğ¾Ğ²ÑĞ´Ğ¸Ğ½Ğ° #Ğ¼Ğ¸Ñ€Ğ°Ñ‚Ğ¾Ñ€Ğ³#Ğ±ÑƒÑ€Ğ³ĞµÑ€Ğ¸Ñ„Ñ€Ğ°Ğ¹Ñ #Ğ¼Ñ€Ğ°Ğ¼Ğ¾Ñ€Ğ½Ğ°ÑĞ³Ğ¾Ğ²ÑĞ´Ğ¸Ğ½Ğ°",0.0,0.0,1.0,0.0
2019-06-19 14:29:39,"ğŸ”National Burger DayğŸ”
Thursday 20th of June is #NationalBurgerDay and weâ€™re flipping excited! Pick up our @bordbia Quality Assured Quarter Pounders 4 Pack for only â‚¬4 or as part of our any 3 for â‚¬10 range. Let us know what you think of our Med Style Burger Inspo.

#irish #burgers #mozzarela #pesto #bbq #beef",0.6689,0.0,0.901,0.099
2019-06-19 14:29:25,"Ğ¡Ğ°Ğ»Ğ°Ñ‚ Ğ¦ĞµĞ·Ğ°Ñ€ÑŒ Ñ Ğ³Ğ¾Ğ²ÑĞ´Ğ¸Ğ½Ğ¾Ğ¹

Ğ˜Ğ½Ğ³Ñ€ĞµĞ´Ğ¸ĞµĞ½Ñ‚Ñ‹ Ğ½Ğ° 4 Ğ¿Ğ¾Ñ€Ñ†Ğ¸Ğ¸
Ğ”Ğ»Ñ Ğ·Ğ°Ğ¿Ñ€Ğ°Ğ²ĞºĞ¸:
Ğ¢ÑƒĞ½ĞµÑ† ĞºĞ¾Ğ½ÑĞµÑ€Ğ²Ğ¸Ñ€Ğ¾Ğ²Ğ°Ğ½Ğ½Ñ‹Ğ¹ 50Ğ³ 
Ğ§ĞµÑĞ½Ğ¾Ğº 1 Ğ·ÑƒĞ±Ñ‡Ğ¸Ğº 
Ğ“Ğ¾Ñ€Ñ‡Ğ¸Ñ†Ğ° Ğ·ĞµÑ€Ğ½Ğ¾Ğ²Ğ°Ñ 20Ğ³ 
ĞœĞ°Ğ¹Ğ¾Ğ½ĞµĞ· 200Ğ³ 
Ğ¡Ñ‹Ñ€ Ñ‚Ğ²Ñ‘Ñ€Ğ´Ñ‹Ğ¹ 90Ğ³ 
Ğ›Ğ¸Ğ¼Ğ¾Ğ½ 0.5ÑˆÑ‚ (ÑĞ¾Ğº Ğ»Ğ¸Ğ¼Ğ¾Ğ½Ğ°)
Ğ”Ğ»Ñ ÑĞ°Ğ»Ğ°Ñ‚Ğ°:
Ğ¥Ğ»ĞµĞ± Ğ±ĞµĞ»Ñ‹Ğ¹ 80Ğ³ 
ĞœĞ¾Ğ»Ğ¾ĞºĞ¾ 20Ğ¼Ğ» 
Ğ‘Ğ°Ğ·Ğ¸Ğ»Ğ¸Ğº ÑĞ²ĞµĞ¶Ğ¸Ğ¹ 2Ğ³ 
Ğ¡Ğ°Ğ»Ğ°Ñ‚ Ñ€Ğ¾Ğ¼Ğ°Ğ½Ğ¾ 200Ğ³ 
ĞœĞ°ÑĞ»Ğ¾ Ñ€Ğ°ÑÑ‚Ğ¸Ñ‚ĞµĞ»ÑŒĞ½Ğ¾Ğµ 30Ğ¼Ğ» 
ĞœĞµĞ´Ğ°Ğ»ÑŒĞ¾Ğ½ Ğ³Ğ¾Ğ²ÑĞ´Ğ¸Ğ½Ñ‹ 200Ğ³ 
ĞœĞ°ÑĞ»Ğ¾ ÑĞ»Ğ¸Ğ²Ğ¾Ñ‡Ğ½Ğ¾Ğµ 20Ğ³ 
Ğ¢Ğ¾Ğ¼Ğ°Ñ‚Ñ‹ Ñ‡ĞµÑ€Ñ€Ğ¸ 100Ğ³

Ğ¢ÑƒĞ½ĞµÑ† Ğ¸Ğ·Ğ¼ĞµĞ»ÑŒÑ‡Ğ¸Ñ‚ÑŒ Ğ±Ğ»ĞµĞ½Ğ´ĞµÑ€Ğ¾Ğ¼.
Ğ§ĞµÑĞ½Ğ¾Ğº Ğ½Ğ°Ñ‚ĞµÑ€ĞµÑ‚ÑŒ Ğ½Ğ° Ğ¼ĞµĞ»ĞºĞ¾Ğ¹ Ñ‚Ñ‘Ñ€ĞºĞµ Ğ² Ñ€Ñ‹Ğ±Ğ½ÑƒÑ Ğ¼Ğ°ÑÑÑƒ.Ğ”Ğ¾Ğ±Ğ°Ğ²Ğ¸Ñ‚ÑŒ Ğ·ĞµÑ€Ğ½Ğ¾Ğ²ÑƒÑ Ğ³Ğ¾Ñ€Ñ‡Ğ¸Ñ†Ñƒ.Ğ—Ğ°Ğ¼ĞµÑˆĞ°Ñ‚ÑŒ Ñ Ğ¼Ğ°Ğ¹Ğ¾Ğ½ĞµĞ·Ğ¾Ğ¼.ĞĞ° Ğ¼ĞµĞ»ĞºĞ¾Ğ¹ Ñ‚Ñ‘Ñ€ĞºĞµ Ğ½Ğ°Ñ‚ĞµÑ€ĞµÑ‚ÑŒ ÑÑ‹Ñ€ Ğ² Ğ·Ğ°Ğ¿Ñ€Ğ°Ğ²ĞºÑƒ.Ğ’Ñ‹Ğ¶Ğ°Ñ‚ÑŒ Ğ² ÑĞ¾ÑƒÑ ÑĞ¾Ğº Ğ»Ğ¸Ğ¼Ğ¾Ğ½Ğ°. ĞŸĞµÑ€ĞµĞ¼ĞµÑˆĞ°Ñ‚ÑŒ.

Ğ“Ñ€ĞµĞ½ĞºĞ¸:

Ğ¥Ğ»ĞµĞ± Ğ½Ğ°Ñ€ĞµĞ·Ğ°Ñ‚ÑŒ ĞºÑƒĞ±Ğ¸ĞºĞ¾Ğ¼ Ğ¸ Ğ·Ğ°ĞºĞ¸Ğ½ÑƒÑ‚ÑŒ Ğ½Ğ° Ñ€Ğ°Ğ·Ğ¾Ğ³Ñ€ĞµÑ‚ÑƒÑ ÑĞºĞ¾Ğ²Ğ¾Ñ€Ğ¾Ğ´Ñƒ Ğ±ĞµĞ· Ğ¼Ğ°ÑĞ»Ğ°.
Ğ¡Ğ±Ñ€Ñ‹Ğ·Ğ½ÑƒÑ‚ÑŒ ĞºÑƒÑĞ¾Ñ‡ĞºĞ¸ Ğ¼Ğ¾Ğ»Ğ¾ĞºĞ¾Ğ¼.ĞœĞµĞ»ĞºĞ¾ Ğ¿Ğ¾ĞºÑ€Ğ¾ÑˆĞ¸Ñ‚ÑŒ Ñ€ÑƒĞºĞ°Ğ¼Ğ¸ Ğ»Ğ¸ÑÑ‚Ğ¸ĞºĞ¸ Ğ±Ğ°Ğ·Ğ¸Ğ»Ğ¸ĞºĞ°.ĞŸĞ¾ÑĞ¾Ğ»Ğ¸Ñ‚ÑŒ Ğ¸ Ğ¿ĞµÑ€ĞµĞ¼ĞµÑˆĞ°Ñ‚ÑŒ.ĞĞ±Ğ¶Ğ°Ñ€Ğ¸Ğ²Ğ°Ñ‚ÑŒ Ñ…Ğ»ĞµĞ± Ğ´Ğ¾ Ğ·Ğ¾Ğ»Ğ¾Ñ‚Ğ¸ÑÑ‚Ğ¾Ğ¹ ĞºĞ¾Ñ€Ğ¾Ñ‡ĞºĞ¸.
Ğ—Ğ°Ñ‚ĞµĞ¼ ÑĞ½ÑÑ‚ÑŒ ÑĞºĞ¾Ğ²Ğ¾Ñ€Ğ¾Ğ´Ñƒ Ñ Ğ¾Ğ³Ğ½Ñ Ğ¸ Ğ´Ğ°Ñ‚ÑŒ Ğ³Ñ€ĞµĞ½ĞºĞ°Ğ¼ Ğ¾ÑÑ‚Ñ‹Ñ‚ÑŒ.ĞšÑ€ÑƒĞ¿Ğ½Ğ¾ Ğ½Ğ°Ñ€ĞµĞ·Ğ°Ñ‚ÑŒ Ğ»Ğ¸ÑÑ‚ÑŒÑ ÑĞ°Ğ»Ğ°Ñ‚Ğ°.
Ğ“Ğ¾Ğ²ÑĞ´Ğ¸Ğ½Ñƒ Ğ¿Ğ¾ÑĞ¾Ğ»Ğ¸Ñ‚ÑŒ Ğ¸ Ğ¿Ğ¾Ğ¿ĞµÑ€Ñ‡Ğ¸Ñ‚ÑŒ.ĞĞ±Ğ¶Ğ°Ñ€Ğ¸Ñ‚ÑŒ Ğ¼ĞµĞ´Ğ°Ğ»ÑŒĞ¾Ğ½Ñ‹ Ñ Ğ´Ğ²ÑƒÑ… ÑÑ‚Ğ¾Ñ€Ğ¾Ğ½ Ğ½Ğ° Ñ€Ğ°ÑÑ‚Ğ¸Ñ‚ĞµĞ»ÑŒĞ½Ğ¾Ğ¼ Ğ¼Ğ°ÑĞ»Ğµ Ğ´Ğ¾ ÑÑ€ĞµĞ´Ğ½ĞµĞ¹ Ğ¿Ñ€Ğ¾Ğ¶Ğ°Ñ€ĞºĞ¸
Ğ’ ĞºĞ¾Ğ½Ñ†Ğµ Ğ·Ğ°ĞºĞ¸Ğ½ÑƒÑ‚ÑŒ Ğ² ÑĞºĞ¾Ğ²Ğ¾Ñ€Ğ¾Ğ´Ñƒ ÑĞ»Ğ¸Ğ²Ğ¾Ñ‡Ğ½Ğ¾Ğµ Ğ¼Ğ°ÑĞ»Ğ¾, Ñ‡Ñ‚Ğ¾Ğ±Ñ‹ ÑĞ´ĞµĞ»Ğ°Ñ‚ÑŒ Ğ¼ÑÑĞ¾ Ğ±Ğ¾Ğ»ĞµĞµ Ğ½ĞµĞ¶Ğ½Ñ‹Ğ¼.ĞŸĞ¾Ğ»Ğ¸Ñ‚ÑŒ Ğ¼ÑÑĞ¾ Ğ²Ñ‹Ğ´ĞµĞ»Ğ¸Ğ²ÑˆĞ¸Ğ¼ÑÑ ÑĞ¾ĞºĞ¾Ğ¼, Ğ¿ĞµÑ€ĞµĞ¼ĞµÑˆĞ°Ğ½Ğ½Ñ‹Ğ¼ Ñ Ñ€Ğ°ÑÑ‚Ğ°ÑĞ²ÑˆĞ¸Ğ¼ ÑĞ»Ğ¸Ğ²Ğ¾Ñ‡Ğ½Ñ‹Ğ¼ Ğ¼Ğ°ÑĞ»Ğ¾Ğ¼.Ğ§ĞµÑ€Ñ€Ğ¸ Ñ€Ğ°Ğ·Ñ€ĞµĞ·Ğ°Ñ‚ÑŒ Ğ¿Ğ¾Ğ¿Ğ¾Ğ»Ğ°Ğ¼.
ĞœÑÑĞ¾ Ğ½Ğ°Ñ€ĞµĞ·Ğ°Ñ‚ÑŒ ÑĞ»Ğ°Ğ¹ÑĞ°Ğ¼Ğ¸
Ğ›Ğ¸ÑÑ‚ÑŒÑ Ñ€Ğ¾Ğ¼Ğ°Ğ½Ğ¾ Ğ²Ñ‹Ğ»Ğ¾Ğ¶Ğ¸Ñ‚ÑŒ Ğ½Ğ° Ğ±Ğ»ÑĞ´Ğ¾ Ğ¸ Ğ¿Ğ¾Ğ»Ğ¸Ñ‚ÑŒ Ğ·Ğ°Ğ¿Ñ€Ğ°Ğ²ĞºĞ¾Ğ¹.Ğ’Ñ‹Ğ»Ğ¾Ğ¶Ğ¸Ñ‚ÑŒ Ğ½Ğ° ÑĞ°Ğ»Ğ°Ñ‚ Ğ³Ğ¾Ğ²ÑĞ´Ğ¸Ğ½Ñƒ, Ğ³Ñ€ĞµĞ½ĞºĞ¸ Ğ¸ Ğ¿Ğ¾Ğ¼Ğ¸Ğ´Ğ¾Ñ€Ñ‹.Ğ¡Ğ²ĞµÑ€Ñ…Ñƒ Ğ½Ğ°Ñ‚ĞµÑ€ĞµÑ‚ÑŒ ÑÑ‹Ñ€ Ğ½Ğ° Ğ¼ĞµĞ»ĞºĞ¾Ğ¹ Ñ‚Ñ‘Ñ€ĞºĞµ. .
.
@prilaga #burger #fastfood #burgers #frenchfries #foodie #foodporn #fried #foodies #foodpics #burgerporn #junkfood #yummy #instafood #fast #foodgasm #fastfoodfriday #fastfoodjunkie #fastfoodnation #hamburger #fastfoodsucks #fastfoodlife #prilaga #fastfoods #fastfoodbinge #instagood #food #fries #foodlover #fastfoodporn #foodphotos",0.0,0.0,1.0,0.0
2019-06-19 14:28:48,".
â€œWe had a FuddTastic timeâ€ @laurenrachaelgray ğŸ™ğŸ»ğŸ‘ŒğŸ»ğŸ™ğŸ»
.
We love the photos YOU, our customers take of our delicious burgers ğŸ‘ŒğŸ»#thankyousomuch #ğŸ™ğŸ»â¤ï¸ .
.
.
.
.
.
.
.
.
.
.
.
.
.
#fudds #fuddsburgers #birdseyeviews #ğŸ” #burgers #adelaidefood #burgerspot #ğŸ”ğŸŸ #burgersandbeer #adelaide #adelaiderestaurants #tasty #food #foodpic #thankyou #customer #ğŸ˜ #instaburger #burgertime #bestburgerever #ğŸ”ğŸ”ğŸ”ğŸ”",0.836,0.0,0.832,0.168
2019-06-19 14:28:34,"Rate this burger 1-10 ğŸ˜‹ğŸ¤¤
(Iâ€™m giving it a 10)
_________________________________
Follow: ğŸ‘‰ @fulloffood_
ğŸ‘‰ @fulloffood_
ğŸ‘‰ @fulloffood_
_________________________________
ğŸ“¸ @goodtimeburgers
_________________________________
(All rights owned and respected by original creator/s)
_________________________________
Like â¤ï¸ Share ğŸ“²  Follow ğŸ‘
_________________________________
#foodphotography #foodblogging #foodies #foodfeature #fooddilicious #foodfinstagram #foodlovers #foodexpolorer #foodgram #nutella #foodology #weirdfood #cooking  #cafe #drink #cookingismypassion #fries #foodideas #cookingschool #friedfood #cookingmama #dessert #chefsplateform #chefclub #burgers  #fries #donuts #sweet",0.8885,0.0,0.812,0.188
2019-06-19 14:27:25,Life is better with daglas â˜®â¤ğŸ”,0.4404,0.0,0.633,0.367
2019-06-19 14:27:06,"ĞŸÑ€Ğ¾ÑÑ‚Ğ¾, Ğ½Ğ¾ ĞºĞ°Ğº Ğ¶Ğµ Ğ¿Ğ¾Ñ€Ğ¾Ğ¹ Ñ…Ğ¾Ñ‡ĞµÑ‚ÑÑ Ğ¾Ğ±Ñ‹Ñ‡Ğ½Ğ¾Ğ³Ğ¾ ĞºĞ°Ñ€Ñ‚Ğ¾Ñ„ĞµĞ»Ñ Ñ„Ñ€Ğ¸ ğŸ˜…ğŸŸ #bd #gastrobar #burgers #dumplings #burgersanddumlingsgastrobar #bar #tasty #food #vladivostok #krasnodar #drinkandfly #eatandfly #bestodtheday #foodoftheday #beverage #coffe #coffetogo #coffetofly 
#í–„ë²„ê±° #ë§Œë‘ #ì»¤í”¼ #ë§¥ì£¼ #ìƒëŸ¬ë“œ #ì°¨ #ê³µí•­ #ë¸”ë¼ë””ë³´ìŠ¤í† í¬ #ë§›ìˆëŠ” #ë¨¹ë‹¤",0.0,0.0,1.0,0.0
2019-06-19 14:26:54,"Hamburgerinizde en Ã§ok sevdiÄŸiniz malzemeleri yorum kÄ±smÄ±na yazalÄ±mğŸ˜‹ğŸ”
ğŸ“OrtakÃ¶y
ğŸ›µPaket Servis
â°Gece 3â€™e Kadar AÃ§Ä±k
ğŸ“0212 627 7637

#hamburger #doycazburger #ortakÃ¶y #beÅŸiktaÅŸ #cheddar #soÄŸanhalkasÄ± #yemek #fastfood #yummy #patateskÄ±zartmasÄ± #burger#kasapburger #bestburger #burgers #burgerğŸ”",0.0,0.0,1.0,0.0
2019-06-19 14:26:47,"Mushroom fries extra cheese .
.
.
..
.
.
tag your friends and family .
.
.
#burgerÂ  #burgersÂ  #ksa #lebaneseatÂ  #lebanoneats #lebaneseÂ  #famousburger #eatfamous #hungry #bodybuilderÂ  #wholovefoodÂ  @beyrouthlifeÂ  @burgernear @burgerbeast @eatfamousÂ  #amazing @lebanoneats #eat #food #lovefood #foodgasm #foodie #nomnomnom #foodstagram #foodpic #foodpicture #sharefood #yum #getinmybelly #bestfoodworld .",0.4767,0.0,0.926,0.074
2019-06-19 14:25:26,"The video isnâ€™t mine and I canâ€™t write in Korean....sorryâ˜¹ï¸ McDonaldâ€™s and cheese sauce

#asmrkorea #asmrvids #asmr #asmreating #asmreatingsounds #asmrfood #asmrmukbang #asmrbigbites #asmrfoodies #asmrburger #mukbang #mukbangvideos #mukbangasmr #asmrcommunity #mukbangmcdonalds #mukbangkoreanfood #mukbangkorea #mukbangseafood #mukbangeating #mukbangfood #eatingshow #eatingsounds #asmreatingsounds #eatingasmr #foodie #mcdonalds #mukbangcommunity #asmriceeating #burgers #nuggets",0.0,0.0,1.0,0.0
2019-06-19 14:25:22,"ğŸ‡¸ğŸ‡¬ Shake Shack - Jewel Changi, Singapore
ğŸ” Double Shackburger with Applewood Smoked Bacon
ğŸ’°$14.50
ğŸ† 10/10 - Real care and pride taken in creation of this perennial NYC favourite. Have had some average burgers served at some NYC locations as they expand and become more available and less special. This was just like the first time at Madison Square Park. Succulent smashed patties, special shack sauce and that potato roll. Pure joy between two soft, pillowy buns. Stories of the wait time here (Up to 3hrs plus), but from queue to order in 35mins. Superb.
ğŸ“· Google Pixel 2 XL #shotbypixel

#exploreburgers #burger #burgers #burgergasm #burgergram #burgerporn #instaburger #gastronogram #fbas #burgerlife #foodie #foodporn #singapore #iâ¤ï¸sg #singaporelife
#iluvsg #straydoglove #shakeshake #shakeshacksg",0.9486,0.011,0.817,0.172
2019-06-19 14:25:15,"Hoje tem Food Truck Parada ObrigatÃ³ria no AlmoÃ§o e tambÃ©m no seu Happy Hour, estaremos na Empresa Vigor das 11 Ã s 15:30 e na sequÃªncia estaremos na  Blues Beer Marajoara  Cervejas Especiais 
Iremos preparar para vcs os melhores HambÃºrgueres Artesanais de SÃ£o Paulo, sÃ£o 25 Tipos diferentes de hambÃºrgueres artesanais e 22 tipos de porÃ§Ãµes.
#foodtruckparadaobrigatoria #aartedefazerhamburguer #porÃ§Ãµes #happyhour  #hamburguerartesanal #gastronomia #foodtrucksp #sÃ£opaulocity #guiadecomida  #sp  #guiadohamburguer #vigor #hamburguerperfeito #burgerlovers #burgers #topburguer #bacon #heinz #lanche #carne #cheddar #cebolacaramelizada #maionesecaseira #barbecuejackdaniels 
#cervejaartesanal #choppartesanal #ontap #growler #cerva #cervejasp",0.34,0.05,0.884,0.066
2019-06-19 14:24:40,"Hump day solution: dip all your food in cheese. Including double cheezies that are already super cheesy ğŸ§€ğŸ§€
.
.
ğŸ“ @benz_on_miller, Murarrie
ğŸ” Double Cheeseburgers, McHick, Liquid Cheese ğŸ§€
.
.
#benzonmiller #brisbaneburgerquest #cheesedip
.
.
.
#ğŸ” #burger #burgers #brisbane #brisbaneeats #brisbaneburgers #burgerporn #foodporn #breakfast  #cheeseburger #fitspo #cheatmeal #cheatdayeats #mcdonalds #burgraphy #dailyfoodfeed #bestfoodworld #eeeeeats #buzzfeast #spoonfeed #thedailybite #devourpower #lovefood #burgerorder #eatlikeshit #eater #brisbaneburger",0.7351,0.0,0.895,0.105
2019-06-19 14:24:38,"Recently I strolled down to @johnbelvederecafe for a cheeky little burger... and MY GOODNESS, did it surprise the heck out of me!
-
Where do I start?
-
âœ”ï¸ cheese melt perfection
âœ”ï¸ @urbunbakery buns
âœ”ï¸ top notch patties cooked perfectly, fresh, and seasoned
âœ”ï¸ reasonably priced... actually, very reasonably priced
âœ”ï¸ âœ”ï¸ âœ”ï¸
-
This is one of those places you walk past because youâ€™re not sure what to expect... but walking past THIS place would be an absolute mistake!!
-
Would bang again!",0.7582,0.052,0.798,0.149
2019-06-19 14:24:37,"LEO MCHANA UNAKULA NINI?

Kumbuka kuwa na Afya Bora, Ni muhimu kuhakikisha Unakunywa MAJI YA KUTOSHA, unafanya MAZOEZI walau mara 3 kwa week, kula CHAKULA SAHIHI, Kula MBOGA MBOGA na MATUNDA ya kutosha, pia PUMZIKA na ULALE usingizi wa Kutosha.
.
IF YOU WANT TO LOSE WEIGHT YOU CAN TRY OUR 9 DAYS PROGRAM TO GET THE BEST RESULTS.
.
Tunayo PROGRAM ya siku 9 inayoweza kukusaidia Kusafisha Uchafu na kuyeyusha MAFUTA mwilini na kukusaidia kupungua UZITO ndani ya SIKU 9.
.
WASILIANA NASI KUPITIA:
DM / Calling or WhatsApp +255 783 800 340
.
#fitness #slimmeryou #water #HealthyFood #healthybreakfast #Afya #Food #lunch #dinner #breakfast  #veggi #vegitables #burgers  #chips #salad  #loseweight #weightloss #fats #workout  #exercise  #Arusha #gym #DarEsSalaam #tanzania #slim  #unene #pungua #bodygoal #sleeping  #happy",0.5473,0.028,0.916,0.056
2019-06-19 14:22:52,food to make you feel goodğŸ˜¯ğŸ˜,0.0,0.0,1.0,0.0
2019-06-19 14:22:51,"Jako studenci podatni na promocje daliÅ›my siÄ™ skusiÄ‡ @pizzaportal na maÅ‚Ä… zniÅ¼kÄ™ na burgery wiec przychodzimy do Was z recenzja Auto Grill ğŸ˜Š profilu nie oznaczymy, nie znaleÅºliÅ›my ale po wpisaniu w google na pewno siÄ™ wyÅ›wietli! ğŸ˜„ Jak nam smakowaÅ‚o? 6/10. MiÄ™sko idealnie wysmaÅ¼one (chodÅº zabrakÅ‚o mi opcji wybrania stopnia wysmaÅ¼enie i trochÄ™ siÄ™ baÅ‚am) ğŸ™ˆ
BuÅ‚ka byÅ‚a sucha i trochÄ™ psuÅ‚a smak. ğŸ˜“
Czy zamÃ³wilibyÅ›my jeszcze raz Burgera? Raczej nie! ğŸ¤­
W internecie kebaby majÄ… dobre opinie wiec teraz czas na wyprÃ³bowanie ich ğŸ˜„
#torun #toruÅ„ #foodphotography #foodtorun #thorn #food_torun #goodfood #foodporn #food #foodstagram #foodblogger #poland #poland_insta #polandphotos #burgers #burgermania #lovefood #kochamdobrejedzenie #burgerheaven #sweets",-0.6751,0.046,0.954,0.0
2019-06-19 14:22:37,"Crinkle cut hot fries are life ğŸ˜ğŸ”¥ğŸ”¥ğŸ”¥
Coming soon to a menu near you (if you live in Taunton or Exeter)
Show some love â™¥ï¸ #getfunky #eatthebird",0.4767,0.069,0.792,0.139
2019-06-19 14:21:39,"W BoÅ¼e CiaÅ‚o JESTEÅšMY OTWARCI od 08:00 do 23:00ğŸ˜

Na zdjÄ™ciu klasyka gatunku, czyli Cheese: ğŸ” ğŸ’¯% pysznej woÅ‚owiny
ğŸ”Cheddar podwÃ³jnie
ğŸ” ÅšwieÅ¼e warzywa
ğŸ” Domowy ketchup
ğŸ” Domowy majonez

Do tego domowe, grubo krojone frytki, lemoniada.... Czego chcieÄ‡ wiÄ™cej? 
#cheese #homemade #burgers #warszawa #jestesmyotwarci",0.0,0.0,1.0,0.0
2019-06-19 14:21:28,"Homemade Turkey BurgersğŸ”

Ingredients:
Turkey Mince x2
Seasoning blend
Black Pepper
1/2 Red Onion
Banana Ketchup
Scotch Bonnet Pepper Sauce
Medium Eggs x2
Slice of 1/2 & 1/2 bread
Brioche Buns
Lettuce
Tomatoes
Cheese Slices
Condiments
Frozen French Fries
Vegetable Oil
-
Method:
â€¢ Toast your slice of bread and let sit to go cold, minced/ whizz in a blender to create breadcrumbs
â€¢ In a large bowl put the turkey mince meat, breadcrumbs, seasoning blend, black pepper, banana ketchup, minced red onion, scotch bonnet pepper sauce and the eggs
â€¢ Combine well with your hands (remove all jewellery prior to carrying out this step)
â€¢ Shape into burger patties and leave to one side
â€¢ Add a little oil to a frying pan and begin by searing off the burgers (you do not have to cook them through as we will be finishing them off in the oven)
â€¢ Once all burgers have been seared place on a pre-lined baking sheet with greaseproof paper
â€¢ Bake in the oven on gas mark 4 for 15-20mins (or until cooked to your likely)
â€¢ On a separate pre-lined baking tray lined with greaseproof paper place your French fries and bake in the oven for 15-20mins
â€¢ Remove both the burgers and fries from oven and allow to rest for 3-5mins
â€¢ This step is optional - Lightly toast your burger buns
â€¢ Prep your lettuce, tomatoes and condiments
â€¢ Now for the fun part...Time to assemble your burgers!
-
#foodblogger #foodblog #ukblogger #food #foodlovers #mealideas #mealprep #whatsfordinner #londoneats #foodblogs #foodbloguk #wheretoeat #where2eat #whattoeat #what2eat #dinnerideas #lunchideas #cook #cooking #burgers #homemadeburgers #homemadeturkeyburger #turkeyburgers #healthyburgers #healthyeats #cookingathome #homecooking #kidsmeals #cookingwithkids",0.8172,0.005,0.958,0.037
2019-06-19 14:21:19,"Can't decide whether to go for ribs or burgers? Why not go for both?

Our combo meal will give you the best of both ğŸ‘

Book a table - 020 3873 9788
.
.
.
#ribs #burgers #foodie #foody #foodforfoodies #beer #instafood #foodcoma #foodisfuel #foodforthought #fooddaily #instafood #goodfood #foodstyling #foodiefeature #foodoftheday #foodpics #foodlove #foodblog #teddington #middlesex #instadaily #picoftheday",0.6767,0.0,0.918,0.082
2019-06-19 14:20:43,"Hamburgerlerin en efsanesi sizi bekliyor.. AcÄ±ktÄ±ysan durma ara!
.
.
.
.
.
.
.
.
#hamburger #food #burger #foodporn #instafood #foodie #burgers #yummy #instagood #delicious #foodlover #dinner #bacon #bbq #fastfood #pizza #fries #meat #cheeseburger #foodgasm #beytusburger #foodphotography #hamb #foodstagram #lunch #sakarya #love #beef #beytus",0.0,0.0,1.0,0.0
2019-06-19 14:19:48,"Ğ§Ñ‚Ğ¾ Ğ¼Ğ¾Ğ¶ĞµÑ‚ Ğ±Ñ‹Ñ‚ÑŒ Ğ»ÑƒÑ‡ÑˆĞµ Ğ²Ñ‹Ñ…Ğ¾Ğ´Ğ½Ñ‹Ñ… Ğ½Ğ° Ğ¿Ñ€Ğ¸Ñ€Ğ¾Ğ´Ğµ,Ñ‚Ğ¾Ğ»ÑŒĞºĞ¾ ĞµĞ´Ğ° Ğ½Ğ° ÑĞ²ĞµĞ¶ĞµĞ¼ Ğ²Ğ¾Ğ·Ğ´ÑƒÑ…ĞµğŸŒ¿ğŸŒ­ğŸ¥”ğŸ”¥ğŸ˜âœ‹ï¸ #rodar #rodarfamily #burgerporn #home #burgermania  #burgers #foodblog #marblebeef #cookwithhise #rodarburgers #Ñ€Ğ¾Ğ´Ğ°Ñ€Ñ„ÑĞ¼Ğ¸Ğ»Ğ¸ #ĞºÑƒÑ…Ğ½ÑÑ€Ğ¾Ğ´Ğ°Ñ€ #Ğ±ÑƒÑ€Ğ³ĞµÑ€ #Ñ€ĞµĞ±Ñ€Ğ° #mrwhite #hotdog #hotdogs #homeburger #ribs #kebab #instburger #novegan #ĞºĞ¾Ğ½Ğ´ÑƒĞºĞ¸ #Ñ‚ÑƒĞ»Ğ° #ĞœÑÑĞ½Ğ°ÑĞ‘Ñ€Ğ°Ñ‚Ğ²Ğ° #ĞœÑÑĞ½Ñ‹ĞµĞ”Ñ€ÑƒĞ·ÑŒÑ",0.0,0.0,1.0,0.0
2019-06-19 14:19:47,"Mexican Chicken Burger

Crispy Chicken covered with cheeee jalepeno on bed of spicy tangy salad topped with salsa.

#parsiknagar #amrutangan #burgerlover #burgers",0.0,0.0,1.0,0.0
2019-06-19 14:19:14,"Burger Burpp presents a hearty recipe for all the non veg fast food lovers.

Introducing Chicken Sausage Burger that has a ground chicken for a lighter spin on the favorite breakfast flavor.

Order Now directly or from Zomato and Swiggy till 2:00 A.M. midnight to satiate your hunger and taste buds.

#burgers #food #burger #foodporn #foodie #instafood #fries #foodgasm #delicious #yummy #fastfood #foodies #beer #hamburger #cheeseburger #wings #instagood #burgerporn #foodstagram #dinner #foodlover #foodpics #foodphotography #burgersandfries #frenchfries #happyhour #pune #wakad #punefoodie",0.6597,0.024,0.898,0.078
2019-06-19 14:18:53,"Homemade Turkey BurgersğŸ”

Ingredients:
Turkey Mince x2
Seasoning blend
Black Pepper
1/2 Red Onion
Banana Ketchup
Scotch Bonnet Pepper Sauce
Medium Eggs x2
Slice of 1/2 & 1/2 bread
Brioche Buns
Lettuce
Tomatoes
Cheese Slices
Condiments
Frozen French Fries
Vegetable Oil
-
Method:
â€¢ Toast your slice of bread and let sit to go cold, minced/ whizz in a blender to create breadcrumbs
â€¢ In a large bowl put the turkey mince meat, breadcrumbs, seasoning blend, black pepper, banana ketchup, minced red onion, scotch bonnet pepper sauce and the eggs
â€¢ Combine well with your hands (remove all jewellery prior to carrying out this step)
â€¢ Shape into burger patties and leave to one side
â€¢ Add a little oil to a frying pan and begin by searing off the burgers (you do not have to cook them through as we will be finishing them off in the oven)
â€¢ Once all burgers have been seared place on a pre-lined baking sheet with greaseproof paper
â€¢ Bake in the oven on gas mark 4 for 15-20mins (or until cooked to your likely)
â€¢ On a separate pre-lined baking tray lined with greaseproof paper place your French fries and bake in the oven for 15-20mins
â€¢ Remove both the burgers and fries from oven and allow to rest for 3-5mins
â€¢ This step is optional - Lightly toast your burger buns
â€¢ Prep your lettuce, tomatoes and condiments
â€¢ Now for the fun part...Time to assemble your burgers!
-
#foodblogger #foodblog #ukblogger #food #foodlovers #mealideas #mealprep #whatsfordinner #londoneats #foodblogs #foodbloguk #wheretoeat #where2eat #whattoeat #what2eat #dinnerideas #lunchideas #cook #cooking #burgers #homemadeburgers #homemadeturkeyburger #turkeyburgers #healthyburgers #healthyeats #cookingathome #homecooking #kidsmeals #cookingwithkids",0.8172,0.005,0.958,0.037
2019-06-19 14:18:49,"VÃ‰SPERA DE FERIADO: RODÃZIO DE MASSAS, RISOTOS E FILÃ‰S, @denisebuenomusic E CHOPP GELADO!
â€¢R$ 35,00 com o couvert artÃ­stico incluÃ­do. â€¢Aniversariante da semana com acompanhante nÃ£o paga!
#choperiagaules  #laguna #sc #santacatarina #ğŸ» #bar #pub #combo #rodÃ­zio #massas #risotos #filÃ©s #ğŸ #comidadequalidade #hamburgueriaartesanal #ğŸ” #burgers #tÃ¡buas #chopp #cerveja #cervejaria #drinks #selfservicedechopp #torneiradechopp",0.0,0.0,1.0,0.0
2019-06-19 14:18:24,"Fish on a bun anyone 
#mikesfnchips #mikesfishandchips #fishnchips #lunch #dinner #dinein #takeout #upperbeaches #eastyork #thesix #thedanny #torontfoodie #torontoeats #tastetoronto #tastoftoronto #toeats #burgers #bestburger #bestfishandchips #fishsandwich #fish #handcutfries #blogto #goodeats #goodeatstoronto #eastend",0.0,0.0,1.0,0.0
2019-06-19 14:18:23,"Burger Tygodnia
WarzywBurger ğŸ”ğŸ¥¬
(kotlet z woÅ‚owiny do wyboru w dwÃ³ch rozmiarach, grillowane papryki - czerwona, Å¼Ã³Å‚ta i zielona, rukola, roszponka, sos koperkowy)
WegeWarzyw
(kotlet z cieciorki z koprem i pietruchÄ…, grillowane papryki - czerwona, Å¼Ã³Å‚ta i zielona, rukola, roszponka, sos koperkowy)
#rogatabula #woÅ‚owina #Burger #kotletzciecierzycy
#bula #BurgerTygodnia #burgerlovers #burgers #warzywa #vegeburger #wegeburger #vegetables #food #foodphotograhy #konskie #tkn #wakacje #summer #zapraszamy #smacznego",0.0,0.0,1.0,0.0
2019-06-19 14:17:22,"TOKEN WEDNESDAY this Black Bean Burger is one of our vegetarian options...itâ€™s with chilli onion marmalade, raspberry & jalapeÃ±o jam & creme fraiche...so simply ask for the TOKEN BULL #veggieburger #burgers #vegetarian #coqbullcork",0.0,0.0,1.0,0.0
2019-06-19 14:17:11,"Homemade Turkey BurgersğŸ”

Ingredients:
Turkey Mince x2
Seasoning blend
Black Pepper
1/2 Red Onion
Banana Ketchup
Scotch Bonnet Pepper Sauce
Medium Eggs x2
Slice of 1/2 & 1/2 bread
Brioche Buns
Lettuce
Tomatoes
Cheese Slices
Condiments
Frozen French Fries
Vegetable Oil
-
Method:
â€¢ Toast your slice of bread and let sit to go cold, minced/ whizz in a blender to create breadcrumbs
â€¢ In a large bowl put the turkey mince meat, breadcrumbs, seasoning blend, black pepper, banana ketchup, minced red onion, scotch bonnet pepper sauce and the eggs
â€¢ Combine well with your hands (remove all jewellery prior to carrying out this step)
â€¢ Shape into burger patties and leave to one side
â€¢ Add a little oil to a frying pan and begin by searing off the burgers (you do not have to cook them through as we will be finishing them off in the oven)
â€¢ Once all burgers have been seared place on a pre-lined baking sheet with greaseproof paper
â€¢ Bake in the oven on gas mark 4 for 15-20mins (or until cooked to your likely)
â€¢ On a separate pre-lined baking tray lined with greaseproof paper place your French fries and bake in the oven for 15-20mins
â€¢ Remove both the burgers and fries from oven and allow to rest for 3-5mins
â€¢ This step is optional - Lightly toast your burger buns
â€¢ Prep your lettuce, tomatoes and condiments
â€¢ Now for the fun part...Time to assemble your burgers!
-
#foodblogger #foodblog #ukblogger #food #foodlovers #mealideas #mealprep #whatsfordinner #londoneats #foodblogs #foodbloguk #wheretoeat #where2eat #whattoeat #what2eat #dinnerideas #lunchideas #cook #cooking #burgers #homemadeburgers #homemadeturkeyburger #turkeyburgers #healthyburgers #healthyeats #cookingathome #homecooking #kidsmeals #cookingwithkids",0.8172,0.005,0.958,0.037
2019-06-19 14:16:59,"Burger Day on the Waterway
.
*All Original BURGERS ğŸ” 1/2 price
Including our #WagyuBurger
*(dine in only)
.
#happyhour 3P-7P & 9P-11P ğŸº
.
1/2 Priced WINE ğŸ‡ğŸ·
*Bottle Selections Only
.
#Acoustic 6P-9P
Upstairs Patio
#LiveMusic w/Jeff Canada
.
â˜˜ï¸ #BYOM ğŸº up to 32oz
Bring Your Own MUGğŸ‘
***Restrictions Apply
.
See Our FULL MENU, Daily Specials, Entertainment and Events at:
.
www.thegoosesacre.com
.
#TheGoosesAcre #IrishPub #Bistro
#TheWoodlandsTX #SpringTX #foodie #BurgerLove #Wednesday #wagyu  #burgers #bacon #cheeseburgers #yummy #burgerporn #eat #dinner #TheWoodlandsWaterway #wine #music",0.6249,0.0,0.934,0.066
2019-06-19 14:15:52,"Â¿Has probado nuestros ya nuestros shakes? son pura delicia...ğŸ˜ Y la manera mÃ¡s refrescante de acabar con un Shake-menÃº!ğŸ”ğŸ¦Â¡Corre que vuelan!
.
.
.
#burgershack #shakes #milkshake #oreo #nutella #vainilla #cacahuete #chocolate #brownie #foodporn #foodie #sweet #milkshakelovers #foodlovers #sweetlovers #barcelona #hamburgueseria #hamburguesas #burgers #hamburguesas #restaurantebarcelona #barceona #bcn",0.0,0.0,1.0,0.0
2019-06-19 14:15:20,"Homemade Turkey BurgersğŸ”

Ingredients:
Turkey Mince x2
Seasoning blend
Black Pepper
1/2 Red Onion
Banana Ketchup
Scotch Bonnet Pepper Sauce
Medium Eggs x2
Slice of 1/2 & 1/2 bread
Brioche Buns
Lettuce
Tomatoes
Cheese Slices
Condiments
Frozen French Fries
Vegetable Oil
-
Method:
â€¢ Toast your slice of bread and let sit to go cold, minced/ whizz in a blender to create breadcrumbs
â€¢ In a large bowl put the turkey mince meat, breadcrumbs, seasoning blend, black pepper, banana ketchup, minced red onion, scotch bonnet pepper sauce and the eggs
â€¢ Combine well with your hands (remove all jewellery prior to carrying out this step)
â€¢ Shape into burger patties and leave to one side
â€¢ Add a little oil to a frying pan and begin by searing off the burgers (you do not have to cook them through as we will be finishing them off in the oven)
â€¢ Once all burgers have been seared place on a pre-lined baking sheet with greaseproof paper
â€¢ Bake in the oven on gas mark 4 for 15-20mins (or until cooked to your likely)
â€¢ On a separate pre-lined baking tray lined with greaseproof paper place your French fries and bake in the oven for 15-20mins
â€¢ Remove both the burgers and fries from oven and allow to rest for 3-5mins
â€¢ This step is optional - Lightly toast your burger buns
â€¢ Prep your lettuce, tomatoes and condiments
â€¢ Now for the fun part...Time to assemble your burgers!
-
#foodblogger #foodblog #ukblogger #food #foodlovers #mealideas #mealprep #whatsfordinner #londoneats #foodblogs #foodbloguk #wheretoeat #where2eat #whattoeat #what2eat #dinnerideas #lunchideas #cook #cooking #burgers #homemadeburgers #homemadeturkeyburger #turkeyburgers #healthyburgers #healthyeats #cookingathome #homecooking #kidsmeals #cookingwithkids",0.8172,0.005,0.958,0.037
2019-06-19 14:14:45,"Vuelve el sol, vuelven los colores, vuelve el sorteo con el partido de esta noche, vuelve la ropa colgada afuera! Pero no te cuelgues vos! Venite que estamos desde las 10 esperÃ¡ndote con muchas cosas ricas ğŸ˜ğŸ˜
Y como tu cuerpo pide salsa, metele color y sabor con una buena salsa criolla a tus papas, nuggets o a tu coca. Manejalo.
Buen miÃ©rcoles para todos!!
.
.
.
.
.
#somosrico #somosargentina #afa #salsas #toppings #miercoles #sinlluvia #fastfood #comidarapida #papasfritas #foodies #frenchfries #sabores #rico #tasty #hungry #morfi #burgers #foodlovers #bajoneros",-0.5216,0.041,0.959,0.0
2019-06-19 14:14:26,"ğŸ˜Œâ¤ğŸ”ğŸ¤‘
#bishbashburgersğŸ‘‘ 
#burger 
#burgerğŸ” 
#burgerlovers 
#burgerlover 
#burgers 
#cheeseburgers 
#chedercheese 
#mashrom 
#yammy 
#food 
#fastfood 
#happiness",0.0,0.0,1.0,0.0
2019-06-19 14:14:16,"Î¤Î¿ Î£Î½Î¯Ï„ÏƒÎµÎ» ÎµÎ¯Î½Î±Î¹ Î­Î½Î± Î±Î³Î±Ï€Î·Î¼Î­Î½Î¿ Ï†Î±Î³Î·Ï„ÏŒ Î³Î¹Î± Ï„Î¿Î½ Ï€Î¹Î¿ Ï€Î¿Î»Ï ÎºÏŒÏƒÎ¼Î¿ ÎºÎ±Î¹ Î³Î¹ Î±Ï…Ï„ÏŒ ÏƒÎ®Î¼ÎµÏÎ± ÏƒÏ„Î¿ Cactus cafe resto Î¼Ï€Î¿ÏÎµÎ¯Ï„Îµ Î½Î± Ï„Î¿ Î±Ï€Î¿Î»Î±ÏÏƒÎµÏ„Îµ Î¼ÏŒÎ½Î¿ Î¼Îµ 5â‚¬â£ï¸â£ï¸ğŸ› ğŸ“Î•Î»ÎµÏ…Î¸ÎµÏÎ¯Î¿Ï… Î’ÎµÎ½Î¹Î¶Î­Î»Î¿Ï… 271
â˜ï¸2109820009 ------------------------------------------------------------------ #cactus_cafe_resto #snitchel #crepes #coffee #burgers #pizza #delivery",0.0,0.0,1.0,0.0
2019-06-19 14:13:58,"Homemade Turkey BurgersğŸ”

Ingredients:
Turkey Mince x2
Seasoning blend
Black Pepper
1/2 Red Onion
Banana Ketchup
Scotch Bonnet Pepper Sauce
Medium Eggs x2
Slice of 1/2 & 1/2 bread
Brioche Buns
Lettuce
Tomatoes
Cheese Slices
Condiments
Frozen French Fries
Vegetable Oil
-
Method:
â€¢ Toast your slice of bread and let sit to go cold, minced/ whizz in a blender to create breadcrumbs
â€¢ In a large bowl put the turkey mince meat, breadcrumbs, seasoning blend, black pepper, banana ketchup, minced red onion, scotch bonnet pepper sauce and the eggs
â€¢ Combine well with your hands (remove all jewellery prior to carrying out this step)
â€¢ Shape into burger patties and leave to one side
â€¢ Add a little oil to a frying pan and begin by searing off the burgers (you do not have to cook them through as we will be finishing them off in the oven)
â€¢ Once all burgers have been seared place on a pre-lined baking sheet with greaseproof paper
â€¢ Bake in the oven on gas mark 4 for 15-20mins (or until cooked to your likely)
â€¢ On a separate pre-lined baking tray lined with greaseproof paper place your French fries and bake in the oven for 15-20mins
â€¢ Remove both the burgers and fries from oven and allow to rest for 3-5mins
â€¢ This step is optional - Lightly toast your burger buns
â€¢ Prep your lettuce, tomatoes and condiments
â€¢ Now for the fun part...Time to assemble your burgers!
-
#foodblogger #foodblog #ukblogger #food #foodlovers #mealideas #mealprep #whatsfordinner #londoneats #foodblogs #foodbloguk #wheretoeat #where2eat #whattoeat #what2eat #dinnerideas #lunchideas #cook #cooking #burgers #homemadeburgers #homemadeturkeyburger #turkeyburgers #healthyburgers #healthyeats #cookingathome #homecooking #kidsmeals #cookingwithkids",0.8172,0.005,0.958,0.037
2019-06-19 14:13:58,"De bizonâ€™dere burger ğŸ” 180gr Bizonburger, chimay grand cru, chipotle mayo, krokantje van pancetta, eikenbladsla en gekarameliseerde ui in mayple syrup .
.
.
.
.
#firmapickles #firmapicklesmarkthal #utrecht #utrechthotspot #utrechtfood #utrechtcity #drieharingstraat #030 #biltstraat #rotterdam #rotterdamfood #markthalrotterdam #scheveningen #depier #denhaag #denhaagcity #grandcentralfoodmarket #denbosch #denboschcity #kerkstraat #burgers #gastroburger #wine #winelover #spring #premium #premiumburger",0.4588,0.0,0.939,0.061
2019-06-19 14:13:20,Wrap it up and letâ€™s have some fun! #betheboss #partypack,0.5562,0.0,0.715,0.285
2019-06-19 14:12:48,"Swipe to the left ğŸ‘ˆğŸ» to see our full Menu ğŸ™ŒğŸ» â€œThere is no love sincerer than the love of foodÂ â€
#menu #lastablasgrill ğŸ¤ğŸŒ¯ğŸ¥”ğŸ¥˜ğŸ¥©ğŸ—ğŸ–ğŸ¥—
.
.
.
.
.
.
.
.
#restaurante #marbella #fusiÃ³n #comida  #marbellacenter #bestrestaurante #cocina #mediterrÃ¡nea #foodie #foodlovers #meat #vegetales #comidaalbarria #delicioso #cena #almuerzo #amigos #comidasaludable #vegan #tablas #tablasparacompartir #disfrutar #wino #tapas #burgers #yummy #marbella",0.8807,0.036,0.776,0.188
2019-06-19 14:11:45,"Kendisi minik lezzeti bÃ¼yÃ¼k! ğŸ˜
Ã‡ok lezzetli mini burgerlerimizle kendinizi ÅŸÄ±martÄ±n! ğŸ¥³
#mahiyetsteakhouse #burger #hamburger #burgers #burgerlife #burgerlover #burgeroftheday #burgerlovers #burgerlove #burgerporn #gaziosmanpasÌ§a #eyuÌˆp #istanbul #yemekneredeyenir",0.0,0.0,1.0,0.0
2019-06-19 14:11:41,Alleen vandaag 2+1 GRATIS !!! #bamischijf #food #fastfood #fastfoodnation #fast #kwalitaria #fastfoodbinge #fastfoodfriday #frenchfries #fastfoodsucks #fastfood #junkfood #burgers #drachten #foodies #fried #fastfoodlife #snackbar #yummy #foodphotos #instagood #hamburger  #foodlover #fries #prilaga #fastfoods #foodpics #instafood #foodie,0.4232,0.0,0.922,0.078
2019-06-19 14:10:55,"Have a Duffyâ€™s Burger, today! #duffysneighbourhoodpub #burgers #kamloopspub #localeats",0.0,0.0,1.0,0.0
2019-06-19 14:10:34,"Bop it, twist it, pull it....Listen for that crunch ğŸ§€ğŸ˜
Credit: @chickswithfoodpics
ğŸ‘‰ğŸ»follow @indulgence.in.squares for more delicious posts.",0.7645,0.0,0.708,0.292
2019-06-19 14:10:18,Join us after the @edgbaston Cricket today  for a Burger and a pint for just Â£10.50 Available from 5-9pm ğŸ˜€ğŸºğŸ”ğŸŸ #moseley #edgbastoncricketground #cricketworldcup2019 #newzealandvssouthafrica #sport #cricket #burgers #craftbeer #pubsofbirmingham #pubsofinstagram,0.296,0.0,0.925,0.075
2019-06-19 14:10:17,"ğŸ‘‰ Karage Burger @thelittlebay in Watermans BayğŸ“
Japanese inspired fried chicken, mizuna, lemon aioli and fried lotus root in a charcol brioche bun served with edamame.
Not the type of burger we would usually go for but it is surprisingly tasty! The fried lotus is an interesting addition by providing a good crunch, the chicken is tender and the lemon aioli works perfectly ğŸ‘ŒThere are no over powering flavours in this burger but enough to satisfy your cravings. ~~~~~
7/10",0.9665,0.029,0.735,0.235
2019-06-19 14:10:10,"ĞŸÑ€Ğ¾Ğ´Ğ¾Ğ»Ğ¶Ğ°ĞµĞ¼ ÑƒĞ¿Ğ¾Ñ€Ğ½Ğ¾ Ñ„ĞµÑÑ‚Ğ¸Ğ²Ğ°Ğ»Ğ¸Ñ‚ÑŒ!
â €
Ğ¢ĞµĞ¾Ñ€ĞµÑ‚Ğ¸Ñ‡ĞµÑĞºĞ¸, Ğ¼Ğ¾Ğ¶Ğ½Ğ¾ Ğ¿Ğ¾ÑÑ‚ĞµĞ»Ğ¸Ñ‚ÑŒ Ğ´Ğ¾Ğ¿Ğ¾Ğ»Ğ½Ğ¸Ñ‚ĞµĞ»ÑŒĞ½Ñ‹Ğ¹ Ğ»Ğ¾Ğ¼Ñ‚Ğ¸Ğº ÑÑ‹Ñ€Ğ° Ğ¿Ğ¾ÑĞ»Ğµ ĞºĞ°Ğ¶Ğ´Ğ¾Ğ³Ğ¾ Ğ¸Ğ½Ğ³Ñ€ĞµĞ´Ğ¸ĞµĞ½Ñ‚Ğ° Ğ±ÑƒÑ€Ğ³ĞµÑ€Ğ°: Ğ±ÑƒĞ»Ğ¾Ñ‡ĞºĞ° â€” ÑÑ‹Ñ€Ğ¾Ğº â€” Ğ¿Ğ¾Ğ¼Ğ¸Ğ´Ğ¾Ñ€ĞºĞ° â€” ÑÑ‹Ñ€Ğ¾Ğº... ĞÑƒ Ğ¸ Ñ‚Ğ°Ğº Ğ´Ğ°Ğ»ĞµĞµ.
â €
ĞĞ±ÑŠĞµĞ¼ Ğ¸ Ğ²ĞµÑ Ğ¿Ñ€Ğ¾Ğ´ÑƒĞºÑ‚Ğ°, Ğ¿Ñ€Ğ°Ğ²Ğ´Ğ°, Ğ²Ğ¾Ğ·Ñ€Ğ°ÑÑ‚Ñ‘Ñ‚ Ñ€Ğ°Ğ·Ğ° Ğ² Ğ´Ğ²Ğ°, Ğ½Ğ¾ ĞºĞ¾Ğ³Ğ´Ğ° ÑÑ‚Ğ¾ Ğ½Ğ°Ñ Ğ¾ÑÑ‚Ğ°Ğ½Ğ°Ğ²Ğ»Ğ¸Ğ²Ğ°Ğ»Ğ¾?
â €
ĞŸĞ¾ÑÑ‚Ğ¾Ğ¼Ñƒ, Ğ´Ñ€ÑƒĞ·ÑŒÑ, Ğ·Ğ°ĞºĞ°Ğ·Ñ‹Ğ²Ğ°ĞµĞ¼ ÑÑ‹Ñ€Ğ½ÑƒÑ Ğ´Ğ¾Ğ±Ğ°Ğ²ĞºÑƒ, Ğ¿Ğ¾Ğ»ÑƒÑ‡Ğ°ĞµĞ¼ Ğ´Ğ²Ğ¾Ğ¹Ğ½ÑƒÑ Ğ¿Ğ¾Ñ€Ñ†Ğ¸Ñ Ğ·Ğ° Ñ‚Ğµ Ğ¶Ğµ Ğ´ĞµĞ½ÑŒĞ³Ğ¸ Ğ¸ ÑĞ¾Ğ·Ğ´Ğ°ĞµĞ¼ ÑĞ²Ğ¾Ğ¸ Ğ°Ğ²Ñ‚Ğ¾Ñ€ÑĞºĞ¸Ğµ Ğ±ÑƒÑ€Ğ³ĞµÑ€Ñ‹ ğŸ˜Š",0.0,0.0,1.0,0.0
2019-06-19 14:09:33,"Homemade Turkey BurgersğŸ”

Ingredients:
Turkey Mince x2
Seasoning blend
Black Pepper
1/2 Red Onion
Banana Ketchup
Scotch Bonnet Pepper Sauce
Medium Eggs x2
Slice of 1/2 & 1/2 bread
Brioche Buns
Lettuce
Tomatoes
Cheese Slices
Condiments
Frozen French Fries
Vegetable Oil
-
Method:
â€¢ Toast your slice of bread and let sit to go cold, minced/ whizz in a blender to create breadcrumbs
â€¢ In a large bowl put the turkey mince meat, breadcrumbs, seasoning blend, black pepper, banana ketchup, minced red onion, scotch bonnet pepper sauce and the eggs
â€¢ Combine well with your hands (remove all jewellery prior to carrying out this step)
â€¢ Shape into burger patties and leave to one side
â€¢ Add a little oil to a frying pan and begin by searing off the burgers (you do not have to cook them through as we will be finishing them off in the oven)
â€¢ Once all burgers have been seared place on a pre-lined baking sheet with greaseproof paper
â€¢ Bake in the oven on gas mark 4 for 15-20mins (or until cooked to your likely)
â€¢ On a separate pre-lined baking tray lined with greaseproof paper place your French fries and bake in the oven for 15-20mins
â€¢ Remove both the burgers and fries from oven and allow to rest for 3-5mins
â€¢ This step is optional - Lightly toast your burger buns
â€¢ Prep your lettuce, tomatoes and condiments
â€¢ Now for the fun part...Time to assemble your burgers!
-
#foodblogger #foodblog #ukblogger #food #foodlovers #mealideas #mealprep #whatsfordinner #londoneats #foodblogs #foodbloguk #wheretoeat #where2eat #whattoeat #what2eat #dinnerideas #lunchideas #cook #cooking #burgers #homemadeburgers #homemadeturkeyburger #turkeyburgers #healthyburgers #healthyeats #cookingathome #homecooking #kidsmeals #cookingwithkids",0.8172,0.005,0.958,0.037
2019-06-19 14:08:45,"Ğ¢ĞµĞ¼Ğ¾Ğ¹ ÑĞµĞ³Ğ¾Ğ´Ğ½ÑÑˆĞ½ĞµĞ³Ğ¾ Ğ¿Ğ¾Ñ…Ğ¾Ğ´Ğ° Ğ¸Ğ»Ğ¸ Ğ¿Ğ¾Ğ´Ñ…Ğ¾Ğ´Ğ° ÑÑ‚Ğ°Ğ»Ğ° Ğ‘ÑƒÑ€Ğ³ĞµÑ€Ğ½Ğ°Ñ Ğ¾Ñ‚ ÑĞ¾Ğ·Ğ´Ğ°Ñ‚ĞµĞ»ĞµĞ¹ @douglasbarspb, @molly_spb Ğ¸ DoZari.
#burgerlab_spb Ğ½Ğ°Ğ·Ñ‹Ğ²Ğ°ĞµÑ‚ÑÑ.
Ğ—Ğ½Ğ°Ñ‡Ğ¸Ñ‚, Ñ Ñ Ğ Ñ‹Ğ±ÑƒĞ½ÑĞºĞ¸Ğ¼ğŸ  Ğ² Ğ’Ğ°Ñ€ÑˆĞ°Ğ²ÑĞºĞ¾Ğ¼ Ğ²Ğ¾ĞºĞ·Ğ°Ğ»Ğµ Ğ¾ĞºĞ¾Ğ¿Ğ°Ğ»ÑÑ!
Ğ˜ Ñ‚ÑƒÑ‚ Ğ²ÑĞ¿Ğ¾Ğ¼Ğ½Ğ¸Ğ», Ñ‡Ñ‚Ğ¾ Ğ¿Ñ€Ğ¾ĞµĞ·Ğ¶Ğ°Ñ Ğ¿Ğ¾ ÑƒĞ». ĞŸĞµÑÑ‚ĞµĞ»Ñ, Ñ ÑƒĞ²Ğ¸Ğ´ĞµĞ» Ğ¿Ñ€Ğ¸Ğ²Ğ»ĞµĞºÑˆĞµĞµ Ğ¼Ğ¾Ğµ Ğ²Ğ½Ğ¸Ğ¼Ğ°Ğ½Ğ¸Ğµ-Ğ½Ğ°Ğ·Ğ²Ğ°Ğ½Ğ¸Ğµ!
Ğ ĞµÑˆĞ¸Ğ»Ğ¸ Ğ¿Ğ¾ĞµÑ…Ğ°Ñ‚ÑŒ Ğ½Ğ° Ğ²Ñ‚Ğ¾Ñ€ÑƒÑ Ñ‚Ğ¾Ñ‡ĞºÑƒ Ğ½Ğ° Ğ¡Ñ‚Ğ°Ñ€Ğ¾Ğ¿ĞµÑ‚ĞµÑ€Ğ³Ğ¾Ñ„ÑĞºĞ¸Ğ¹ Ğ¿Ñ€., Ğ´.41, Ğ¾Ğ¿ Ğ¸ Ğ² Ğ´Ğ¾Ğ¼Ğ¸ĞºĞµ, ÑĞ°Ğ¼Ğ¾ Ğ·Ğ°Ğ²ĞµĞ´ĞµĞ½Ğ¸Ğµ Ğ½ĞµĞ¼Ğ½Ğ¾Ğ³Ğ¾ ÑĞ¿Ñ€ÑÑ‚Ğ°Ğ»Ğ¾ÑÑŒ Ğ² ÑĞºĞ²ĞµÑ€Ğ¸ĞºĞµ Ğ¼ĞµĞ¶Ğ´Ñƒ Ğ´Ğ¾Ğ¼Ğ¾Ğ².
ĞĞ° ÑÑ…Ğ¾Ğ´Ğµ Ñ Ñ‡ÑƒÑ‚ÑŒ ĞºĞ¸Ñ€Ğ¿Ğ¸Ñ‡ĞµĞ¹ Ğ½Ğµ Ğ½Ğ°Ğ²Ğ°Ğ»Ğ¸Ğ», ÑĞ¸Ğ´Ğ¸Ñ‚ Ñ‡ĞµĞ» Ñ€Ğ¾Ğ³Ğ°Ñ‚Ñ‹Ğ¹, Ğ½Ğµ Ğ¥ÑĞ»Ğ»Ğ±Ğ¾Ğ¹ ĞºĞ¾Ğ½ĞµÑ‡Ğ½Ğ¾, Ğ½Ğ¾ ÑƒĞ´Ğ¸Ğ²Ğ¸Ğ»ÑÑ Ñ Ğ·Ğ½Ğ°Ñ‚Ğ½Ğ¾!
Ğ¢Ğ°Ğº, Ñ ĞºĞ¾Ğ»Ğ¸Ñ‡ĞµÑÑ‚Ğ²Ğ¾Ğ¼ Ğ±ÑƒÑ€Ğ³ĞµÑ€Ğ¾Ğ² Ğ² Ğ¼ĞµĞ½Ñ, ÑĞ²Ğ½Ğ¾ Ğ¿ĞµÑ€ĞµĞ±Ğ¾Ñ€ğŸ™€
ĞÑ‡ĞµĞ½ÑŒ Ğ´Ğ¾Ğ»Ğ³Ğ¾ Ğ´ÑƒĞ¼Ğ°Ğ», ĞÑŒÑ-Ğ™Ğ¾Ñ€Ğº Ğ¼Ğ½Ğµ Ğ¿Ğ¾Ğ´Ğ°Ğ²Ğ°Ğ¹ Ğ¸ ĞµÑ‰Ğµ ĞºÑƒÑ€Ğ¸Ğ½Ñ‹Ğ¹ Ğ±ÑƒÑ€Ğ³ĞµÑ€ Ğ² Ğ´Ğ¾Ğ²ĞµÑĞ¾Ğº Ğ¸ Ğ»Ğ¸Ğ¼Ğ¾Ğ½Ğ°Ğ´Ğ° Ğ´Ğ¾Ğ¼Ğ°ÑˆĞ½ĞµĞ³Ğ¾!
ĞĞ° ÑÑ‚ĞµĞ½Ğµ Ñ‚Ğ°Ğ±Ğ»Ğ¸Ñ†Ğ° ĞœĞµĞ½Ğ´ĞµĞ»ĞµĞµĞ²Ğ°-Ğ’Ğ¾Ğ´Ğ¾Ñ‡Ğ½Ğ¸ĞºĞ°! Ğ¡Ğ¸Ğ¶Ñƒ ÑĞ»Ğ¾Ğ²Ğ° Ğ² Ğ±ÑƒĞºĞ²Ñ‹ ÑĞºĞ»Ğ°Ğ´Ñ‹Ğ²Ğ°Ñ! ĞÑƒ Ğ·Ğ´Ğ°ÑÑŒÑ‚Ğµ - Ğ·Ğ°Ğ±Ğ¾Ñ€ Ğ¿Ğ¾ĞºÑ€Ğ°ÑÑŒÑ‚Ğµ, Ğ²Ñ‹Ğ½ĞµÑĞ»Ğ¸ Ğ´Ğ¾ÑĞ¾Ñ‡ĞºĞ¸! ĞŸĞ¾Ğ³Ğ»ÑĞ´Ğ¸Ñ‚Ğµ, ĞºÑƒÑ€Ğ¸Ğ½Ñ‹Ğ¹-Ñ‚Ğ¾ Ñ‚ÑƒÑ…Ğ»ĞµĞ½ÑŒĞºĞ¸Ğ¹, ĞºĞ¾Ñ‚Ğ»ĞµÑ‚Ğ°-Ñ‚Ğ¾ Ğ½Ğµ Ñ€ÑƒÑ‡Ğ½Ğ°Ñ, Ğ¿Ğ¾Ğ»ÑƒÑ„Ğ°Ğ±Ñ€Ğ¸ĞºĞ°Ñ‚ ĞºĞ°ĞºĞ¾Ğ¹-Ñ‚Ğ¾ (Ğ¼Ğ¾Ğ¶ĞµÑ‚ Ğ¾ÑˆĞ¸Ğ±Ğ°ÑÑÑŒ), Ğ¾Ğ³ÑƒÑ€ĞµÑ† Ğ¿Ğ¾Ğ»ÑƒÑ€Ğ°Ğ·Ğ»Ğ°Ğ³Ğ°ÑÑ‰Ğ¸Ğ¹ÑÑ, Ğ½Ñƒ ÑÑ‚, ĞšĞ°Ñ€Ğ»Ğ¸Ñ‚Ğ¾,  Ğ¿Ñ€Ğ¾Ğ²Ğ°Ğ»ÑŒĞ½Ñ‹Ğ¹! Ğ“Ğ¾Ñ€Ğ¾Ğ´ÑĞºĞ¾Ğ¹ ÑÑ‚Ğ¾Ñ‚ Ğ²Ğ°Ñˆ Ğ±ÑƒÑ€Ğ³ĞµÑ€ - Ğ½Ñƒ Ğ¿Ğ¾Ğ´ĞµÑ€Ğ¶Ğ°Ñ‚ÑŒ Ğ·Ğ° ÑĞ¾Ğ»Ğ¾Ğ¼ĞºÑƒ Ğ¼Ğ¾Ğ¶Ğ½Ğ¾, ĞºĞ¾Ñ‚Ğ»ĞµÑ‚ĞºĞ°-Ñ‚Ğ¾ Ğ¿ĞµÑ€ĞµĞ¶Ğ°Ñ€ĞµĞ½Ğ° (Ğ³Ğ¾Ñ€ĞµĞ»Ğ°Ñ), Ğ½Ğµ ÑÑƒÑ…ĞµĞ½ÑŒĞºĞ°Ñ Ğ¶Ğµ, ĞºĞ°Ğº Ñ Ğ»ÑĞ±Ğ»Ñ! ĞÑƒ Ñ‚Ğ°Ğº Ğ½Ğ° Ğ²ĞºÑƒÑ Ğ¿Ğ¾ ÑĞ¾ÑÑ‚Ğ°Ğ²Ğ»ÑÑÑ‰Ğ¸Ğ¼ ĞµÑ‰Ğµ ÑĞ½Ğ¾ÑĞ½Ğ¾!
Ğ›Ğ¸Ğ¼Ğ¾Ğ½Ğ°Ğ´ Ñ‚Ğ°Ğº ÑĞµĞ±Ğµ, Ğ½Ğµ Ñ…Ğ¾Ñ€Ğ¾ÑˆĞ¾ Ğ½Ğµ Ğ¿Ğ»Ğ¾Ñ…Ğ¾, Ğ¾Ğ±Ñ‹Ñ‡Ğ½Ğ¾. ĞšĞ°Ñ€Ñ‚Ğ¾Ñ„Ğ»ĞµĞ½Ñ†Ğ¸Ñ Ñ‚Ğ¾Ğ¶Ğµ Ğ½Ğ¸ Ğ¾ Ñ‡ĞµĞ¼!
ĞÑƒ Ğ¸ Ñ„Ğ¸Ğ½Ğ°Ğ», Ğ¼Ğ¾Ğ¸ Ñ‰ĞµĞºĞ°ÑÑ‚Ñ‹Ğµ Ğ¶Ñ€ÑƒĞ½Ğ¸ÑˆĞºĞ¸:
â­ï¸! ĞÑƒ Ğ½Ğµ Ğ¼Ğ¾Ğ³Ñƒ Ñ Â«Ğ·Ğ¸Ñ€Ğ¾Â» Ğ¿Ğ¾ÑÑ‚Ğ°Ğ²Ğ¸Ñ‚ÑŒ! ĞŸÑ€Ğ¾Ğ²Ğ°Ğ», Ğ½Ğ¾ ĞºĞ°Ğº Ğ¿Ğ¸ÑˆĞµÑ‚ ÑˆĞµÑ„ Ğ¿Ğ¾Ğ²Ğ°Ñ€ Ğ½Ğ° Ğ¾Ğ´Ğ½Ğ¾Ğ¼ Ğ¸Ğ·Ğ²ĞµÑÑ‚Ğ½Ğ¾Ğ¼ ĞºĞ°Ñ€Ñ‚Ğ¾Ğ¿Ğ»Ğ°Ğ½Ğµ Ğ² Ğ¾Ñ‚Ğ·Ñ‹Ğ²Ğ°Ñ… Ñ 5Ñ Ğ·Ğ²ĞµĞ·Ğ´Ğ°Ğ¼Ğ¸, Ğ±ÑƒÑ€Ğ³ĞµÑ€ Ñ Ğ¾Ğ»ĞµĞ½ĞµĞ¼ Ñ‚Ğ¾Ğ¿Ñ‡Ğ¸ĞºğŸ¤™
ĞĞ°Ğ¹Ñ‚Ğ¸ Ğ¸ Ğ¾Ğ±ĞµĞ·Ğ²Ñ€ĞµĞ´Ğ¸Ñ‚ÑŒ!
Ğ’ ÑÑ‚Ğ¾Ğ¹ Ñ‚Ğ¾Ñ‡ĞºĞµ ÑĞ²Ğ¾ĞµĞ¹ ÑĞµÑ‚Ğ¸ Ğ¾Ğ½ Ğ²Ğ¸Ğ´Ğ¸Ğ¼Ğ¾ Ğ´Ğ°Ğ²Ğ½Ğ¾ Ğ½Ğµ Ğ±Ñ‹Ğ», Ğ° ÑÑ‚Ğ¾Ğ¸Ğ»Ğ¾ Ğ±Ñ‹ Ğ¿Ñ€Ğ¾Ğ²ĞµÑ€Ğ¸Ñ‚ÑŒ Ñ‚ĞµÑ…. Ğ¿Ñ€Ğ¾Ñ†ĞµÑÑÑ‹, Ğ¿Ğ¾Ğ²Ğ°Ñ€Ğ¾Ğ² Ğ¾Ğ±Ğ½Ğ¾Ğ²Ğ¸Ñ‚ÑŒ!!!
Ğ¯ ĞºĞ¾Ğ½ĞµÑ‡Ğ½Ğ¾ Ğ¶Ğµ Ğ·Ğ°Ğ¹Ğ´Ñƒ ĞµÑ‰Ğµ Ğ² Ğ·Ğ°Ğ²ĞµĞ´ĞµĞ½Ğ¸Ğµ Ğ½Ğ° ÑƒĞ». ĞŸĞµÑÑ‚ĞµĞ»Ñ! ĞšÑÑ‚Ğ°Ñ‚Ğ¸, ĞºÑ‚Ğ¾ Ğ·Ğ½Ğ°ĞµÑ‚, Ñ‡Ñ‚Ğ¾ Ğ·Ğ° Ñ‚Ğ¾Ğ²Ğ°Ñ€Ğ¸Ñ‰ ÑÑ‚Ğ¾Ñ‚ ĞŸĞµÑÑ‚ĞµĞ»ÑŒ? ĞŸĞ¸ÑˆĞ¸Ñ‚Ğµ Ğ² ĞºĞ¾Ğ¼Ğ¼ĞµĞ½Ñ‚Ğ°Ñ€Ğ¸ÑÑ…âœï¸",0.0,0.0,1.0,0.0
2019-06-19 14:07:48,"I want a chicken burger next

#themeatking#burger#burgers#cheeseintheburger#bestburgerever #iwantaburger #givemeaburger #burgerlust #cookingwithfire #foodstagram #onthegrill #grilling #food #foodie #recipe #grillingtime #hungry #delicious #yum #foodporn#foodlover",0.0772,0.0,0.936,0.064
2019-06-19 14:07:42,"Realmente Ã© de encher os olhos, a confeitaria Ã© mesmo uma arte, e de arte a Dona Norma entende muito bem pelo jeito!!! Rs
Bolos lindos, muito bem decorados, e o melhor com aquele sabor irresistÃ­vel.
FaÃ§a sua encomenda para meia ou uma receita inteira.
Lembrando que hoje, quarta-feira ficamos abertos das 08h atÃ© Ã s 23h, pois entra em aÃ§Ã£o nossos hamburgueres deliciosos feitos na medida pelo Faustinho.
#burgers #gastrobar #bolosedoces #centro #pinda #cafÃ©s #porÃ§Ãµesespeciais #batatacrinckle #fidel",0.0,0.0,1.0,0.0
2019-06-19 14:07:27,"#hamburgers, #ArtBurgers, #burgers, #FoodLabBurgers, #ItalyBurgers, #SupremeBurgers, #PerfectBurgers, #PornBurgers, #BSideBurgerFood, #OnlyBurgers, #ArtMakerBurgers",0.0,0.0,1.0,0.0
2019-06-19 14:07:20,"ğŸ”¼Ğ‘ÑƒĞ¶ĞµĞ½Ğ¸Ğ½Ğ° Ğ² Ğ¼ÑƒĞ»ÑŒÑ‚Ğ¸Ğ²Ğ°Ñ€ĞºĞµğŸ”¼

Ğ˜Ğ½Ğ³Ñ€ĞµĞ´Ğ¸ĞµĞ½Ñ‚Ñ‹: ğŸ”ºĞ¡Ğ²Ğ¸Ğ½Ğ°Ñ Ğ²Ñ‹Ñ€ĞµĞ·ĞºĞ° 500Ğ³
ğŸ”ºĞ¤Ñ€Ğ°Ğ½Ñ†ÑƒĞ·ÑĞºĞ°Ñ Ğ³Ğ¾Ñ€Ñ‡Ğ¸Ñ†Ğ° 2 Ñ‡.Ğ»
ğŸ”ºĞ¡Ğ¾Ğ»ÑŒ,Ğ¿ĞµÑ€ĞµÑ†, Ğ¿Ñ€Ğ¾Ğ²Ğ°Ğ½ÑĞºĞ¸Ğµ Ñ‚Ñ€Ğ°Ğ²Ñ‹
ğŸ”ºĞĞ»Ğ¸Ğ²ĞºĞ¾Ğ²Ğ¾Ğµ Ğ¼Ğ°ÑĞ»Ğ¾ 1ÑÑ‚.Ğ»
______________________________
ĞŸÑ€Ğ¸Ğ³Ğ¾Ñ‚Ğ¾Ğ²Ğ»ĞµĞ½Ğ¸Ğµ:
______________________________
â­•Ğ¡Ğ²Ğ¸Ğ½ÑƒÑ Ğ²Ñ‹Ñ€ĞµĞ·ĞºÑƒ Ğ¼Ğ¾ĞµĞ¼ Ğ¸ Ğ¿Ñ€Ğ¾ÑÑƒÑˆĞ¸Ğ²Ğ°ĞµĞ¼ Ğ±ÑƒĞ¼Ğ°Ğ¶Ğ½Ñ‹Ğ¼ Ğ¿Ğ¾Ğ»Ğ¾Ñ‚ĞµĞ½Ñ†ĞµĞ¼.
â­•Ğ’ Ğ½ĞµĞ±Ğ¾Ğ»ÑŒÑˆĞ¾Ğ¹ Ğ¿Ğ¸Ğ°Ğ»Ğµ ÑĞ¼ĞµÑˆĞ¸Ğ²Ğ°ĞµĞ¼ ÑĞ¾Ğ»ÑŒ Ğ¸ Ğ²ÑĞµ ÑĞ¿ĞµÑ†Ğ¸Ğ¸ Ğ¸ Ğ½Ğ°Ñ‚Ğ¸Ñ€Ğ°ĞµĞ¼ Ğ¸Ğ¼Ğ¸ Ğ¼ÑÑĞ¾. ĞŸĞ¾Ñ‚Ğ¾Ğ¼ ĞºĞ»Ğ°Ğ´ĞµĞ¼ ĞµĞ³Ğ¾ Ğ² Ğ¿Ğ¾Ğ´Ñ…Ğ¾Ğ´ÑÑ‰ÑƒÑ Ğ¿Ğ¾ÑÑƒĞ´Ğ¸Ğ½Ñƒ, Ğ¿Ğ¾Ğ»Ğ¸Ğ²Ğ°ĞµĞ¼ Ğ¾Ğ»Ğ¸Ğ²ĞºĞ¾Ğ²Ñ‹Ğ¼ Ğ¼Ğ°ÑĞ»Ğ¾Ğ¼, Ğ¿Ñ€Ğ¾Ñ‚Ñ‹ĞºĞ°ĞµĞ¼ Ğ½Ğ¾Ğ¶Ğ¾Ğ¼ Ğ¸Ğ»Ğ¸ Ğ²Ğ¸Ğ»ĞºĞ¾Ğ¹ Ğ² Ğ½ĞµÑĞºĞ¾Ğ»ÑŒĞºĞ¸Ñ… Ğ¼ĞµÑÑ‚Ğ°Ñ… Ğ¸ ÑÑ‚Ğ°Ğ²Ğ¸Ğ¼ Ğ² Ñ…Ğ¾Ğ»Ğ¾Ğ´Ğ¸Ğ»ÑŒĞ½Ğ¸Ğº Ğ½Ğ° 12 Ñ‡Ğ°ÑĞ¾Ğ², Ğ½Ğ°ĞºÑ€Ñ‹Ğ² Ğ¿Ğ»ĞµĞ½ĞºĞ¾Ğ¹ Ğ¸Ğ»Ğ¸ ĞºÑ€Ñ‹ÑˆĞºĞ¾Ğ¹. ĞŸĞµÑ€Ğ¸Ğ¾Ğ´Ğ¸Ñ‡ĞµÑĞºĞ¸ Ğ´Ğ¾ÑÑ‚Ğ°ĞµĞ¼ ÑĞ²Ğ¸Ğ½Ğ¸Ğ½Ñƒ, Ğ¿ĞµÑ€ĞµĞ²Ğ¾Ñ€Ğ°Ñ‡Ğ¸Ğ²Ğ°ĞµĞ¼ Ğ¸ Ğ´ĞµĞ»Ğ°ĞµĞ¼ ĞµÑ‰Ğµ Ğ¿Ğ¾ Ğ½ĞµÑĞºĞ¾Ğ»ÑŒĞºĞ¾ Ğ¿Ñ€Ğ¾ĞºĞ¾Ğ»Ğ¾Ğ².
â­•ĞšĞ¾Ğ³Ğ´Ğ° Ğ¼ÑÑĞ¾ Ğ¿Ñ€Ğ¾Ğ¿Ğ¸Ñ‚Ğ°ĞµÑ‚ÑÑ ÑĞ¿ĞµÑ†Ğ¸ÑĞ¼Ğ¸, ÑĞ²ÑĞ·Ñ‹Ğ²Ğ°ĞµĞ¼ ĞµĞ³Ğ¾ Ğ½Ğ¸Ñ‚ĞºĞ°Ğ¼Ğ¸, ÑÑ„Ğ¾Ñ€Ğ¼Ğ¸Ñ€Ğ¾Ğ²Ğ°Ğ² ĞºĞ¾Ğ¼Ğ¿Ğ°ĞºÑ‚Ğ½Ñ‹Ğ¹ Ñ€ÑƒĞ»ĞµÑ‚Ğ¸Ğº.
â­•ĞĞ±Ğ¾Ñ€Ğ°Ñ‡Ğ¸Ğ²Ğ°ĞµĞ¼ Ğ¼ÑÑĞ¾ Ñ„Ğ¾Ğ»ÑŒĞ³Ğ¾Ğ¹ Ğ² Ğ½ĞµÑĞºĞ¾Ğ»ÑŒĞºĞ¾ ÑĞ»Ğ¾ĞµĞ² Ğ¸ ĞºĞ»Ğ°Ğ´ĞµĞ¼ Ğ² Ğ¼ÑƒĞ»ÑŒÑ‚Ğ¸Ğ²Ğ°Ñ€Ğ¾Ñ‡Ğ½ÑƒÑ Ñ„Ğ¾Ñ€Ğ¼Ñƒ. Ğ¡Ñ‚Ğ°Ğ²Ğ¸Ğ¼ Ğ¿Ñ€Ğ¾Ğ³Ñ€Ğ°Ğ¼Ğ¼Ñƒ Â«Ğ’Ñ‹Ğ¿ĞµÑ‡ĞºĞ°Â» Ğ¸ Ğ³Ğ¾Ñ‚Ğ¾Ğ²Ğ¸Ğ¼ Ğ±ÑƒĞ¶ĞµĞ½Ğ¸Ğ½Ñƒ Ğ² Ñ„Ğ¾Ğ»ÑŒĞ³Ğµ Ğ² Ğ¼ÑƒĞ»ÑŒÑ‚Ğ¸Ğ²Ğ°Ñ€ĞºĞµ 1 Ñ‡Ğ°Ñ.
ĞŸÑ€Ğ¸ÑÑ‚Ğ½Ğ¾Ğ³Ğ¾ Ğ°Ğ¿Ğ¿ĞµÑ‚Ğ¸Ñ‚Ğ° ğŸµï¸ .
.
@prilaga #fastfoods #fastfoodfriday #fastfoodsucks #hamburger #fastfoodbinge #instagood #frenchfries #prilaga #fastfoodjunkie #fried #foodlover #fast #fries #junkfood #foodies #fastfoodnation #foodie #instafood #foodporn #fastfoodporn #yummy #burger #burgerporn #foodphotos #fastfood #food #fastfoodlife #foodgasm #burgers #foodpics",0.0,0.0,1.0,0.0
2019-06-19 14:06:52,Oggi Barak consiglia un bel filetto al Black Soul Steakhouse ğŸ˜‹ğŸ¥©ğŸ» #makesteakgreatagain #blacksoul #barletta #steakhouse #newyork #foodporn #panini #burgers #puglia #barlettacittÃ  #bisteccheria #pub #birreria #bistecche #frollatura #dryaged #puglia #barlettacittÃ  #bisteccheria #pub #birreria #bistecche #frollatura #dryaged #puglia #barletta #blacksoul #meat #dryaged #puglia #barletta #steakhouse,0.0,0.0,1.0,0.0
2019-06-19 14:06:35,"Se ve, se sienteâ€¦ Â¡el hambre estÃ¡ presente!â£
â£
A quÃ© ya notÃ¡is que se acerca la hora de salir a comer, pues en #LaRuta os esperamos con nuestras BURGERS & BOWLS ğŸ¤¤ para coger fuerzas para la tarde â£
â£
#TerritorioBurger #Burgers #Bowls #Drinks",0.0,0.0,1.0,0.0
2019-06-19 14:06:28,"I'm all about a balanced diet... Burgers, fries and a drink ğŸ˜‚ğŸ˜œ
.
It makes my knees weak the fact @2hungrybears has put Nashville fried chicken on the menu ğŸ˜. But the current special the ""Lambshank Redemption"" is everything you need for a hearty winter feed ğŸ¤¤",-0.0516,0.064,0.877,0.059
2019-06-19 14:05:30,"Chamomile French 75 pridruÅ¾uje se ranije spomenutom Gin-Tonicu kao borac za daÅ¡ak svjeÅ¾ine u ovim sparnim danima. U 50-ju radimo pridajemo najveÄ‡u paÅ¾nju u spravljanju naÅ¡ih koktela. Jeste li uz ovaj koktel ikada isprobali naÅ¡ burger French Kiss?
.
.
.
.
.
#weare50 #50 #zagreb #croatia #restoran #50burger #food #instafood #restaurant #hedonism #hedonizam #burger #burgers #cocktail #cocktails #koktel #kokteli",0.4215,0.0,0.948,0.052
2019-06-19 14:05:03,"The search for good burgers ends here! 
With @burhanirazvi & @naughtynice_with_a_dashofspice .
#boteco #burgers #thepunefoodies #bestburgerintown #instafoodie #puneinsta #burgercravings #cravingsatisfied #hungryhungry #instafood #foodporn #pune #nofilter",0.4926,0.0,0.873,0.127
2019-06-19 14:02:22,"Ahora que llegan los dÃ­as de mascletÃ , os recomendamos un sitio donde picar y tomar algo despuÃ©s y que estÃ¡ muy cerquita. .
.
Os hablamos de @donderosagourmet, un pequeÃ±o local abierto desde hace solo un par de semanas. EstÃ¡ todo riquÃ­simo y su bodega tiene vinos para todos los gustos. .
.
â¡ï¸ Ensalada de salazones
â¡ï¸ Torta del Casar
â¡ï¸ Bocadillo de ibÃ©ricos
.
Si os gusta el vino, os recomendamos que os dejÃ©is aconsejar por la propia Rosa, estamos seguros de que acertarÃ¡. ğŸ‘ŒğŸ¼ AdemÃ¡s, tiene gran variedad de quesos y embutidos que solo de pensarlo se nos hace la boca agua. .
.
ğŸ“ Calle Del Teatro, 44. Muy cerca de Federico Soto. .
ğŸ’° 27â‚¬, 2 personas.
.
.
#alicante #alicantegram #alicantemolamucho #foodporn #foodie #alicantegram #comerybeberenalicante #comerenalicante #restaurante #comunidadvalenciana  #gastronomia #gourmet #meal #meat #bar #restaurant #meatlover #burger #burgers #mascleta #hogueras #salazones #embutido #vinoteca",0.0,0.0,1.0,0.0
2019-06-19 00:51:23,"De volta com a programaÃ§Ã£o normal ğŸ˜
#divinosmoked #burgers #feira 
#artesanalzao #tudofeitoaqui",0.0,0.0,1.0,0.0
2019-06-07 06:10:44,"Burger and Lobster
.
.
.
.
.
#burgerporn #burgers #foodgasm #loveit #food #foodie #delicious #bucara #cheese #dailyfoodfeed #ilovefood #foodblog #melo #fries #bacon #eating #hamburger #cheeseburger # #instagood #burgerlovers #lovefood #carnaval #comida #EEEEEATS #sanpedro #foodgasm #instafood #foodlover

#lobster #burgerandlobsterlondon #burgerandlobster",0.0,0.0,1.0,0.0
2019-06-07 06:05:15,"Burger & Fries
.
.
.
.
.
#burgerporn #burgers #foodgasm #loveit #food #foodie #delicious #bucara #cheese #dailyfoodfeed #ilovefood #foodblog #melo #fries #bacon #eating #hamburger #cheeseburger # #instagood #burgerlovers #lovefood #carnaval #comida #EEEEEATS #sanpedro #foodgasm",0.0,0.0,1.0,0.0
